City,Type of Land,Area,Price
Funtaitees,Residential,500,175000
Funtaitees,Residential,400,200000
Almansouriya,Residential,1500,1300000
Funtaitees,Residential,400,173000
Almesayel,Residential,400,180000
Funtaitees,Residential,400,165000
Sabah Al-Ahmed Marine City,Residential,645,185000
Sabah Al-Ahmed Marine City,Residential,460,130000
Abu Ftaira,Residential,400,200000
Sabah Al-Ahmed Marine City,Residential,480,140000
Abu Ftaira,Residential,400,160000
Abu Ftaira,Residential,400,160000
Abu Ftaira,Residential,400,190000
Abu Ftaira,Residential,420,215000
Mubarak Al-Abdulah,Residential,4125,265000
Abu Ftaira,Residential,416,215000
Abu Ftaira,Residential,416,215000
Abu Ftaira,Residential,416,215000
Abu Ftaira,Residential,416,215000
Abu Ftaira,Residential,400,220000
Sabah Al-Ahmed Marine City,Residential,658,183000
Abu Ftaira,Residential,400,190000
Abu Ftaira,Residential,400,160000
Abu Ftaira,Residential,416,235000
Hateen,Residential,640,390000
Abu Ftaira,Residential,400,165000
Abu Ftaira,Residential,416,235000
Abu Ftaira,Residential,400,163000
Abu Ftaira,Residential,400,163000
Abu Ftaira,Residential,400,163000
Almansouriya,Residential,500,370000
Aljabriya,Residential,750,180000
Abu Ftaira,Residential,400,210000
Abu Ftaira,Residential,400,170000
Alwafra,Residential,400,52000
Sabah Al-Ahmed Marine City,Residential,532,86500
Abu Ftaira,Residential,400,235000
Abu Ftaira,Residential,400,168000
Abu Ftaira,Residential,550,190000
Abu Ftaira,Residential,400,235000
Abu Ftaira,Residential,400,235000
Abu Ftaira,Residential,500,240000
Funtaitees,Residential,400,188000
Abu Ftaira,Residential,550,205000
Abu Ftaira,Residential,400,170000
Abu Ftaira,Residential,400,250000
Abu Ftaira,Residential,400,255000
Funtaitees,Residential,400,196000
Abu Ftaira,Residential,400,250000
Sabah Al-Ahmed Marine City,Residential,647,184000
Sabah Al-Ahmed Marine City,Residential,647,184000
Abu Ftaira,Residential,500,255000
Funtaitees,Residential,400,226000
Sabah Al-Ahmed Marine City,Residential,647,184000
Abu Ftaira,Residential,400,220000
AL-Masayel,Residential,500,255000
Abu Ftaira,Residential,400,225000
Abu Ftaira,Residential,400,225000
Abu Ftaira,Residential,400,225000
Sabah Al Ahmed Al Bahreya,Residential,526,180000
Sabah Al Ahmed Al Bahreya,Residential,506,185000
Abu Ftaira,Residential,400,219000
Funtaitees,Residential,400,265000
Sabah Al Ahmed Al Bahreya,Residential,526,190000
Sabah Al Ahmed Al Bahreya,Residential,462,190000
Sabah Al Ahmed Al Bahreya,Residential,693,128205
Sabah Al Ahmed Al Bahreya,Residential,506,194000
Abu Ftaira,Residential,400,228000
Funtaitees,Residential,400,235000
Abu Ftaira,Residential,400,222000
Sabah Al Ahmed Al Bahreya,Residential,460,203000
QIBLA,Commercial building,17,59000
Sabah Al Ahmed Al Bahreya,Residential,506,194000
Abu Ftaira,Residential,400,223000
Sabah Al Ahmed Al Bahreya,Residential,526,198000
Sabah Al Ahmed Al Bahreya,Residential,490,190000
Zahra,Residential,3795,325000
Zahra,Residential,375,285000
Sabah Al Ahmed Al Bahreya,Residential,450,200000
AL-Masayel,Residential,500,260000
Sabah Al Ahmed Al Bahreya,Residential,850,157250
Sabah Al Ahmed Al Bahreya,Residential,1737,320000
salwa,Residential,100,130000
Abu Ftaira,Residential,400,220000
Sabah Al Ahmed Al Bahreya,Residential,570,255000
DAIYA,Residential,400,300000
Sabah Al Ahmed Al Bahreya,Residential,465,198000
Abu Ftaira,Residential,493,295000
Sabah Al Ahmed Al Bahreya,Residential,450,191000
Sabah Al Ahmed Al Bahreya,Residential,647,240000
Sabah Al Ahmed Al Bahreya,Residential,490,205000
Abu Ftaira,Residential,400,220000
Sabah Al Ahmed Al Bahreya,Residential,459,198000
Abu Ftaira,Residential,400,220000
Sabah Al Ahmed Al Bahreya,Residential,450,205000
Sabah Al Ahmed Al Bahreya,Residential,450,200000
Sabah Al Ahmed Al Bahreya,Residential,452,138000
Zahra,Residential,500,445000
salwa,Residential,1000,1150000
Sabah Al -Salem,investment lands,875,1050000
Sabah Al -Salem,investment lands,875,1050000
Zahra,Residential,375,305000
Sabah Al -Salem,Residential,3955,280000
Sabah Al Ahmed Al Bahreya,Residential,450,210000
Sabah Al Ahmed Al Bahreya,Residential,459,210000
Funtaitees,Residential,400,235000
Zahra,Residential,500,390000
Zahra,Residential,375,360000
Sabah Al Ahmed Al Bahreya,Residential,452,138000
Zahra,Residential,3795,325000
Sabah Al Ahmed Al Bahreya,Residential,531,220000
Sabah Al Ahmed Al Bahreya,Residential,506,220000
Sabah Al Ahmed Al Bahreya,Residential,480,155000
Abu Ftaira,Residential,400,219000
Zahra,Residential,500,480000
Sabah Al Ahmed Al Bahreya,Residential,450,210000
Sabah Al Ahmed Al Bahreya,Residential,459,212000
Sabah Al Ahmed Al Bahreya,Residential,450,210000
Zahra,Residential,385,360000
Sabah Al Ahmed Al Bahreya,Residential,531,235000
Sabah Al Ahmed Al Bahreya,Residential,505,212000
AL-FINTAS,investment lands,20019,200000
SALAM,Residential,500,500000
Sabah Al Ahmed Al Bahreya,Residential,487,230000
Abu Ftaira,Residential,400,235000
Abu Ftaira,Residential,400,235000
Sabah Al Ahmed Al Bahreya,Residential,450,222000
Abu Ftaira,Residential,400,235000
Abu Ftaira,Residential,400,235000
Dasma,Residential,500,420000
Sabah Al Ahmed Al Bahreya,Residential,450,212000
Sabah Al Ahmed Al Bahreya,Residential,450,212000
Rumaithiya,Residential,500,440000
Sabah Al Ahmed Al Bahreya,Residential,459,225000
Sabah Al Ahmed Al Bahreya,Residential,526,230000
SHUHADA,Residential,400,615000
Sabah Al Ahmed Al Bahreya,Residential,450,223000
Sabah Al Ahmed Al Bahreya,Residential,465,215000
Sabah Al Ahmed Al Bahreya,Residential,850,185000
Funtaitees,Residential,400,239000
Funtaitees,Residential,400,239000
SURRA,Residential,1367,1500000
Sabah Al -Salem,investment lands,875,1225000
Sabah Al Ahmed Al Bahreya,Residential,1211,350000
Funtaitees,Residential,400,295000
Sabah Al Ahmed Al Bahreya,Residential,642,165000
Nuzha,Residential,1000,1250000
AL-Masayel,Residential,500,355000
AL-Masayel,Residential,500,350000
Sabah Al Ahmed Al Bahreya,Residential,505,230000
Mansouriya,Residential,1000,1050000
Funtaitees,Residential,500,285000
Sabah Al Ahmed Al Bahreya,Residential,540,230000
Sabah Al Ahmed Al Bahreya,Residential,450,220000
SALAM,Residential,428,545000
Sabah Al Ahmed Al Bahreya,Residential,459,225000
Sabah Al Ahmed Al Bahreya,Residential,450,213000
Sabah Al Ahmed Al Bahreya,Residential,1275,380000
Sabah Al Ahmed Al Bahreya,Residential,660,162000
Sabah Al Ahmed Al Bahreya,Residential,660,172000
Dasma,Residential,400,485000
AL-Masayel,Residential,400,300000
Al Khiran,Residential,400,120000
Funtaitees,Residential,375,243000
Sabah Al Ahmed Al Bahreya,Residential,490,228000
Sabah Al Ahmed Al Bahreya,Residential,1237,260000
Sabah Al Ahmed Al Bahreya,Residential,1237,260000
Abu Ftaira,Residential,400,300000
Sabah Al Ahmed Al Bahreya,Residential,505,238000
Sabah Al -Salem,investment lands,875,1225000
Al Khiran,Residential,400,122000
Al Khiran,Residential,400,123000
Sabah Al Ahmed Al Bahreya,Residential,660,170000
Sabah Al Ahmed Al Bahreya,Residential,710,172000
Sabah Al Ahmed Al Bahreya,Residential,540,247000
Shuwaikh Industrial,industrial land,9875,840000
Sabah Al Ahmed Al Bahreya,Residential,450,223000
Funtaitees,Residential,400,248000
Funtaitees,Residential,400,248000
Funtaitees,Residential,375,280000
Funtaitees,Residential,375,280000
Sabah Al Ahmed Al Bahreya,Residential,491,290000
Abu Ftaira,Residential,400,305000
Abu Ftaira,Residential,400,305000
AL-Masayel,Residential,400,340000
AL-Masayel,Residential,500,700000
Abu Ftaira,Residential,400,250000
Funtaitees,Residential,500,420000
Funtaitees,Residential,500,300000
Funtaitees,Residential,500,450000
Sabah Al Ahmed Al Bahreya,Residential,465,259000
Funtaitees,Residential,375,295000
AL-Masayel,Residential,400,395000
AL-Masayel,Residential,400,405000
AL-ADAN,Residential,400,410000
DAIYA,Residential,400,490000
Jabriya,Residential,400,285000
Salmiya,investment lands,8505,1394000
Funtaitees,Residential,375,320000
QADSIYA,Residential,500,460000
Zahra,Residential,600,492500
Funtaitees,Residential,400,282000
KIFAN,Residential,250,300000
Sabah Al Ahmed Al Bahreya,Residential,700,360000
Sabah Al Ahmed Al Bahreya,Residential,620,355000
Sabah Al Ahmed Al Bahreya,Residential,700,
Fnaitees,Residential,400,282000
Sabah Al Ahmed Al Bahreya,Residential,536,115000
Fnaitees,Residential,400,245000
Fnaitees,Residential,400,230000
Abu Ftaira,Residential,500,255000
Abu Ftaira,Residential,375,265000
Mishrif,Residential,1000,"1,060,000"
Alfintas,Residential,2450,"1,600,000"
Fnaitees,Residential,400,315000
Sabah Al Ahmed Al Bahreya,Residential,500,203000
Zahra,Residential,600,530000
Sabah Al Ahmed Al Bahreya,Residential,500,211000
Salmiya,Investment building,1026,"3,025,000"
Salmiya,Investment building,1081,"3,025,000"
Sabah Al Ahmed Al Bahreya,Residential,500,192000
Fnaitees,Residential,400,345000
Sabah Al Ahmed Al Bahreya,Residential,495,220000
Al Khiran,Residential,400,110000
Dasma,Residential,500,550000
Rumaithiya,Residential,375,390000
Ardhiya,Industrial coupon,1000,"1,200,000"
Sabah Al Ahmed Al Bahreya,Residential,500,195000
Sabah Al Ahmed Al Bahreya,Residential,522,190000
Sabah Al Ahmed Al Bahreya,Residential,522,200000
Mansouriya,Residential,1000,"1,200,000"
Sabah Al Ahmed Al Bahreya,Residential,480,180000
Nuzha,Residential,375,640000
Sabah Al Ahmed Al Bahreya,Residential,490,193000
Sabah Al Ahmed Al Bahreya,Residential,450,175000
Sabah Al Ahmed Al Bahreya,Residential,531,115000
Sabah Al Ahmed Al Bahreya,Residential,532,110000
Fnaitees,Residential,400,210000
Salmiya,investment lands,769,"1,270,000"
Salmiya,investment lands,775,"1,230,000"
Salmiya,investment lands,960,"1,500,000"
Sabah Al -Salem,investment lands,1750,"2,600,000"
Sabah Al Ahmed Al Bahreya,Residential,415,170000
Sabah Al Ahmed Al Bahreya,Residential,450,180000
Hawalli,Commercial building,1247,"6,000,000"
Sabah Al Ahmed Al Bahreya,Residential,450,178000
Shaab,Residential,400,"350,000"
Dasma,Residential,500,"360,000"
Jabriya,Residential,887,"600,000"
Shaab,Residential,400,"460,000"
Sabah Al Ahmed Al Bahreya,Residential,622,"105,000"
Fnaitees,Residential,375,"247,000"
Abu Ftaira,Residential,400,"183,000"
Mishrif,Residential,750,"480,000"
Abu Ftaira,Residential,400,"193,000"
Sabah Al Ahmed Al Bahreya,Residential,506,"165,000"
Sabah Al Ahmed Al Bahreya,Residential,450,"159,000"
Salmiya,Residential,400,"315,000"
Sabah Al Ahmed Al Bahreya,Residential,500,"175,000"
Jabriya,Residential,450,"310,000"
Zahra,Residential,375,"485,000"
Fnaitees,Residential,400,"207,000"
Zahra,Residential,500,"620,000"
Fnaitees,Residential,375,"350,000"
Sabah Al Ahmed Al Bahreya,Residential,431,"157,000"
Salmiya,investment lands,549,"1,300,000"
mangaf,investment lands,215,"120,000"
Sabah Al Ahmed Al Bahreya,Residential,480,"172,000"
Mishrif,Residential,750,"450,000"
Abu Ftaira,Residential,375,"240,000"
Sabah Al Ahmed Al Bahreya,Residential,651,"195,000"
salwa,Residential,900,"430,000"
Sabah Al Ahmed Al Bahreya,Residential,640,"104,000"
al-ardiya6,industrial land,1000,"1,225,000"
Abu Ftaira,Residential,400,"220,000"
Sabah Al Ahmed Al Bahreya,Residential,450,"168,000"
Dasma,Residential,325,"295,000"
Sabah Al Ahmed Al Bahreya,Residential,465,115000
al-ardiya6,industrial land,1000,"1,225,000"
sabah Al Salem,investment lands,14154,134000
Jaber Al-Ali,Residential,392,315000
Fnaitees,Residential,400,215000
Fnaitees,Residential,400,280000
Abu Ftaira,Residential,375,260000
Sabah Al Ahmed Al Bahreya,Residential,640,95000
Sabah Al Ahmed Al Bahreya,Residential,640,230000
Abu Ftaira,Residential,375,279000
Fnaitees,Residential,500,370000
Sabah Al Ahmed Al Bahreya,Residential,740,195000
Sabah Al Ahmed Al Bahreya,Residential,450,160000
Dasma,Residential,325,365000
Fnaitees,Residential,500,305000
Farwaniya,Commercial building,500,2000000
AL-Masayel,Residential,500,370000
AL-Masayel,Residential,500,370000
Abu Ftaira,Residential,400,211000
Abu Ftaira,Residential,400,211000
Fnaitees,Residential,400,530000
AL-Masayel,Residential,500,380000
AL-Masayel,Residential,500,410000
Sabah Al Ahmed Al Bahreya,Residential,510,177000
AL-Masayel,Residential,500,400000
Sabah Al Ahmed Al Bahreya,Residential,495,180000
AL-Masayel,Residential,500,330000
AL-Masayel,Residential,400,240000
AL-Masayel,Residential,400,240000
mangaf,Residential,400,310000
Fnaitees,Residential,400,235000
AL-Masayel,Residential,500,300000
Al-Fintas,investment lands,207,170000
AL-Masayel,Residential,500,280000
Rumaithiya,Residential,4875,335000
Sabah Al Ahmed Al Bahreya,Residential,641,115000
Fnaitees,Residential,400,248000
Dasma,Residential,500,410000
Fnaitees,Residential,375,280000
Sabah Al Ahmed Al Bahreya,Residential,5365,95000
Salmiya,investment lands,2050,3630000
Fnaitees,Residential,1500,1065000
Mishrif,Residential,400,370000
AL-Masayel,Residential,375,245000
Rumaithiya,Residential,1000,590000
Abu Ftaira,Residential,400,245000
Shuwaikh Industrial,Industrial,1000,790000
AL-Masayel,Residential,400,255000
Fnaitees,Residential,400,250000
Fnaitees,Residential,500,280000
Sabah Al Ahmed Al Bahreya,Residential,450,160000
Salmiya,investment lands,1168,3400000
Fnaitees,Residential,400,255000
Abu Ftaira,Residential,500,265000
Nuzha,Residential,1000,1350000
Fnaitees,Residential,375,289000
Fnaitees,Residential,375,289000
Rumaithiya,Residential,375,600000
Fnaitees,Residential,375,289000
AL-Masayel,Residential,375,245000
Abu Ftaira,Residential,400,240000
Fnaitees,Residential,375,289000
AL-SIDDIQ,Residential,500,390000
Sabah Al Ahmed Al Bahreya,Residential,1344,228480
YARMOUK,Residential,4975,650000
DAIYA,Residential,500,405000
QADSIYA,Residential,500,495000
Fnaitees,Residential,400,260000
Fnaitees,Residential,400,240000
ARDHIYA HERAFIYA,industrial land,1000,1275000
AL-SIDDIQ,Residential,500,420000
al-ardiya6,industrial land,1000,1250000
OMARIYA,Residential,600,380000
Sabah Al -Salem,investment lands,233,148000
Dasma,Residential,376,410000
Fnaitees,Residential,400,255000
Fnaitees,Residential,400,279000
DAIYA,Residential,500,425000
AL-Masayel,Residential,400,275000
DAIYA,Residential,500,440000
RAI,industrial land,1000,900000
Dasma,Residential,376,440000
OMARIYA,Residential,600,410000
SALWA,Residential,464,380000
AL-Masayel,Residential,500,430000
RAI,industrial land,1000,940000
BAYAN,Residential,750,420000
Fnaitees,Residential,375,320000
Abu Ftaira,Residential,400,250000
HITTEEN,Residential,500,515000
AL-Masayel,Residential,500,330000
Sabah Al Ahmed Al Bahreya,Residential,533,210000
SALAM,Residential,500,650000
Fnaitees,Residential,400,335000
Shaab,Residential,1000,1050000
SURRA,Residential,750,525000
BNAID AL-QAR,investment lands,1050,1650000
Abu Ftaira,Residential,500,290000
HITTEEN,Residential,500,550000
MANSouriya,Residential,1000,950000
AL-SIDDIQ,Residential,400,580000
BAYAN,Residential,500,410000
Hawalli,investment lands,752,1125000
Sabah Al -Salem,investment lands,1000+1000,3000000
SHUHADA,Residential,500,650000
Shaab,Residential,400,395000
Rumaithiya,Residential,1000,540000
Nuzha,Residential,750,1100000
MUBARAK AL-KABEER,Residential,400,273000
Mishrif,Residential,400,600000
BNAID AL-QAR,investment lands,147,168000
AL-SIDDIQ,Residential,375,750000
KHIRAN CITY,Residential,400,95000
SUBHAN INDUSTRIAL,industrial land,5000,2200000
Shaab,Residential,500,630000
JABER AL-AHMED,Residential,400,300000
Sabah Al Ahmed Al Bahreya,Residential,450,166000
Mansouriya,Residential,750,900000
Rumaithiya,Residential,400,315000
Abu Ftaira,Residential,400,350000
Abu Ftaira,Residential,400,315000
Shaab,Residential,500,550000
Sabah Al Ahmed Al Bahreya,Residential,450,166500
Sabah Al Ahmed Al Bahreya,Residential,450,163000
Sabah Al Ahmed Al Bahreya,Residential,464,165000
Sabah Al Ahmed Al Bahreya,Residential,450,165000
Sabah Al Ahmed Al Bahreya,Residential,1588,250000
Sabah Al Ahmed Al Bahreya,Residential,450,176000
Sabah Al Ahmed Al Bahreya,Residential,1218,217500
Sabah Al Ahmed Al Bahreya,Residential,1222,217500
Sabah Al Ahmed Al Bahreya,Residential,534,205000
AL-Masayel,Residential,500,350000
KHIRAN CITY,Residential,1210,225000
Fnaitees,Residential,400,294000
Abu Ftaira,Residential,400,350000
Sabah Al Ahmed Al Bahreya,Residential,500,175000
RAWDA,Residential,750,725000
Mishrif,Residential,750,520000
Sabah Al Ahmed Al Bahreya,Residential,640,135000
Sabah Al Ahmed Al Bahreya,Residential,450,180000
RIQQA,Residential,406,248000
Sabah Al Ahmed Al Bahreya,Residential,514,185000
Sabah Al Ahmed Al Bahreya,Residential,573,195000
Sabah Al Ahmed Al Bahreya,Residential,455,185000
Sabah Al Ahmed Al Bahreya,Residential,455,185000
Sabah Al Ahmed Al Bahreya,Residential,455,185000
Sabah Al Ahmed Al Bahreya,Residential,647,220000
Dasma,Residential,400,400000
MANSouriya,Residential,1000,1200000
Sabah Al Ahmed Al Bahreya,Residential,610,200000
FAIHA,Residential,400,440000
RIQQA,Residential,400,246000
Sabah Al Ahmed Al Bahreya,Residential,409,180000
Sabah Al Ahmed Al Bahreya,Residential,450,185000
Sabah Al Ahmed Al Bahreya,Residential,450,185000
Sabah Al Ahmed Al Bahreya,Residential,640,140000
mangaf,Residential,375,265000
Sabah Al Ahmed Al Bahreya,Residential,1349,225000
Sabah Al Ahmed Al Bahreya,Residential,619,230000
Sabah Al Ahmed Al Bahreya,Residential,619,230000
Sabah Al Ahmed Al Bahreya,Residential,619,230000
Sabah Al Ahmed Al Bahreya,Residential,450,185000
Sabah Al Ahmed Al Bahreya,Residential,450,185000
Sabah Al Ahmed Al Bahreya,Residential,450,210000
Sabah Al Ahmed Al Bahreya,Residential,661,135000
Sabah Al Ahmed Al Bahreya,Residential,600,250000
Sabah Al Ahmed Al Bahreya,Residential,480,225000
Sabah Al Ahmed Al Bahreya,Residential,480,225000
Shaab,Residential,400,430000
Abu Ftaira,Residential,400,585000
Sabah Al Ahmed Al Bahreya,Residential,475,220000
Sabah Al Ahmed Al Bahreya,Residential,610,212000
Sabah Al Ahmed Al Bahreya,Residential,464,200000
Sabah Al Ahmed Al Bahreya,Residential,459,220000
Sabah Al Ahmed Al Bahreya,Residential,450,205000
Sabah Al Ahmed Al Bahreya,Residential,465,125000
Sabah Al Ahmed Al Bahreya,Residential,450,204000
Sabah Al Ahmed Al Bahreya,Residential,465,127000
KHIRAN CITY,Residential,400,125000
Zahra,Residential,376,475000
Sabah Al Ahmed Al Bahreya,Residential,693,143000
Sabah Al Ahmed Al Bahreya,Residential,710,155000
Sabah Al Ahmed Al Bahreya,Residential,464,220000
Sabah Al Ahmed Al Bahreya,Residential,618,440000
Sabah Al Ahmed Al Bahreya,Residential,488,220000
Sabah Al Ahmed Al Bahreya,Residential,500,3550000
AL-SIDDIQ,Residential,400,600000
Sabah Al Ahmed Al Bahreya,Residential,480,225000
Sabah Al Ahmed Al Bahreya,Residential,459,215000
Dasma,Residential,375,395000
Sabah Al Ahmed Al Bahreya,Residential,6365,135000
Sabah Al Ahmed Al Bahreya,Residential,530,330000
Sabah Al Ahmed Al Bahreya,Residential,450,213000
Sabah Al Ahmed Al Bahreya,Residential,1012,340000
Sabah Al Ahmed Al Bahreya,Residential,605,230000
Sabah Al Ahmed Al Bahreya,Residential,520,240000
Sabah Al Ahmed Al Bahreya,Residential,595,225000
Sabah Al Ahmed Al Bahreya,Residential,480,265000
Zahra,Residential,375,475000
Sabah Al Ahmed Al Bahreya,Residential,1889,350000
Sabah Al Ahmed Al Bahreya,Residential,595,250000
Sabah Al Ahmed Al Bahreya,Residential,595,245000
Sabah Al Ahmed Al Bahreya,Residential,450,235000
Sabah Al Ahmed Al Bahreya,Residential,650,235000
Sabah Al Ahmed Al Bahreya,Residential,555,220000
Sabah Al Ahmed Al Bahreya,Residential,576,140000
Sabah Al Ahmed Al Bahreya,Residential,576,140000
Sabah Al Ahmed Al Bahreya,Residential,471,215000
Sabah Al Ahmed Al Bahreya,Residential,650,370000
Sabah Al Ahmed Al Bahreya,Residential,700,350000
Sabah Al Ahmed Al Bahreya,Residential,450,420000
Sabah Al Ahmed Al Bahreya,Residential,645,280000
Fnaitees,Residential,400,560000
Sabah Al Ahmed Al Bahreya,Residential,515,280000
Sabah Al Ahmed Al Bahreya,Residential,500,270000
Sabah Al Ahmed Al Bahreya,Residential,640,170000
Sabah Al Ahmed Al Bahreya,Residential,500,330000
Sabah Al Ahmed Al Bahreya,Residential,495,230000
Sabah Al Ahmed Al Bahreya,Residential,474,220000
Jabriya,Residential,432,470000
Sabah Al Ahmed Al Bahreya,Residential,425,225000
Shaab,Residential,400,485000
Sabah Al Ahmed Al Bahreya,Residential,494,160000
Sabah Al Ahmed Al Bahreya,Residential,576,160000
Sabah Al Ahmed Al Bahreya,Residential,474,280000
Sabah Al -Salem,investment lands,109818,125000
Sabah Al Ahmed Al Bahreya,Residential,519,240000
Sabah Al -Salem,Residential,395,360000
Sabah Al Ahmed Al Bahreya,Residential,450,265000
Sabah Al Ahmed Al Bahreya,Residential,450,255000
Sabah Al Ahmed Al Bahreya,Residential,450,255000
Sabah Al Ahmed Al Bahreya,Residential,488,180000
Sabah Al Ahmed Al Bahreya,Residential,492,160000
Sabah Al Ahmed Al Bahreya,Residential,499,170000
NEW WAFRA,Residential,600,205000
Sabah Al Ahmed Al Bahreya,Residential,610,275000
Sabah Al Ahmed Al Bahreya,Residential,610,275000
Sabah Al Ahmed Al Bahreya,Residential,492,165000
Sabah Al Ahmed Al Bahreya,Residential,480,170000
Sabah Al Ahmed Al Bahreya,Residential,478,250000
Sabah Al Ahmed Al Bahreya,Residential,492,170000
Sabah Al Ahmed Al Bahreya,Residential,456,268000
Sabah Al Ahmed Al Bahreya,Residential,474,260000
Sabah Al Ahmed Al Bahreya,Residential,492,165000
Sabah Al Ahmed Al Bahreya,Residential,473,265000
Sabah Al Ahmed Al Bahreya,Residential,474,265000
Jabriya,Residential,381,485000
Sabah Al Ahmed Al Bahreya,Residential,492,175000
Sabah Al Ahmed Al Bahreya,Residential,525,285000
Sabah Al Ahmed Al Bahreya,Residential,640,165000
Sabah Al Ahmed Al Bahreya,Residential,535,330000
Sabah Al Ahmed Al Bahreya,Residential,534,300000
Sabah Al Ahmed Al Bahreya,Residential,509,285000
Sabah Al Ahmed Al Bahreya,Residential,523,210000
BAYAN,Residential,375,560000
KHIRAN CITY,Residential,400,
JABER AL-AHMED,Residential,349161,200000
Sabah Al Ahmed Al Bahreya,Residential,525,210000
Sabah Al Ahmed Al Bahreya,Residential,610,320000
Sabah Al Ahmed Al Bahreya,Residential,465,285000
Sabah Al Ahmed Al Bahreya,Residential,525,200000
Jabriya,Residential,750,620000
Sabah Al -Salem,Residential,4992,400000
Sabah Al Ahmed Al Bahreya,Residential,576,200000
KHIRAN CITY,Residential,400,185000
Sabah Al Ahmed Al Bahreya,Residential,450,320000
Sabah Al Ahmed Al Bahreya,Residential,1644,450000
Sabah Al Ahmed Al Bahreya,Residential,450,308000
Sabah Al Ahmed Al Bahreya,Residential,510,300000
Sabah Al Ahmed Al Bahreya,Residential,486,190000
MUBARAK AL-KABEER,Residential,400,400000
Sabah Al Ahmed Al Bahreya,Residential,481,190000
SALAM,Residential,400,382500
Sabah Al Ahmed Al Bahreya,Residential,675,360000
Sabah Al Ahmed Al Bahreya,Residential,481,193000
Sabah Al Ahmed Al Bahreya,Residential,481,193000
Sabah Al Ahmed Al Bahreya,Residential,461,270000
EGAILA,Residential,500,385000
Sabah Al Ahmed Al Bahreya,Residential,480,300000
Sabah Al Ahmed Al Bahreya,Residential,644,305000
Fnaitees,Residential,500,555000
mangaf,Residential,400,400000
Sabah Al Ahmed Al Bahreya,Residential,512,210000
Sabah Al Ahmed Al Bahreya,Residential,481,192000
Sabah Al Ahmed Al Bahreya,Residential,480,525000
Sabah Al Ahmed Al Bahreya,Residential,526,300000
Zahra,Residential,375,580000
Sabah Al Ahmed Al Bahreya,Residential,507,295000
Mishrif,Residential,750,690000
KHIRAN CITY,Residential,400,220000
Sabah Al Ahmed Al Bahreya,Residential,495,330000
al-ardiya6,industrial land,1000,200000000
Abu Ftaira,Residential,400,380000
Sabah Al Ahmed Al Bahreya,Residential,495,205000
BAYAN,Residential,300,340000
Sabah Al Ahmed Al Bahreya,Residential,492,197000
Sabah Al Ahmed Al Bahreya,Residential,512,210000
AL-Masayel,Residential,400,520000
Sabah Al Ahmed Al Bahreya,Residential,525,200000
Sabah Al Ahmed Al Bahreya,Residential,480,205000
Sabah Al Ahmed Al Bahreya,Residential,1848,420000
Sabah Al Ahmed Al Bahreya,Residential,771,365000
Sabah Al Ahmed Al Bahreya,Residential,492,197000
Sabah Al Ahmed Al Bahreya,Residential,480,205000
Sabah Al Ahmed Al Bahreya,Residential,714,220000
Sabah Al Ahmed Al Bahreya,Residential,450,292000
Sabah Al Ahmed Al Bahreya,Residential,486,205000
Sabah Al Ahmed Al Bahreya,Residential,486,205000
Sabah Al Ahmed Al Bahreya,Residential,486,205000
Sabah Al Ahmed Al Bahreya,Residential,526,600000
Sabah Al Ahmed Al Bahreya,Residential,474,315000
Sabah Al Ahmed Al Bahreya,Residential,450,288000
Sabah Al Ahmed Al Bahreya,Residential,488,223000
Rumaithiya,Residential,1000,830000
Sabah Al Ahmed Al Bahreya,Residential,510,605000
Sabah Al Ahmed Al Bahreya,Residential,1406,440000
Sabah Al Ahmed Al Bahreya,Residential,700,420000
Sabah Al Ahmed Al Bahreya,Residential,480,220000
Sabah Al -Salem,Residential,300,290000
Sabah Al Ahmed Al Bahreya,Residential,481,205000
Sabah Al Ahmed Al Bahreya,Residential,610,335000
SALWA,Residential,750,780000
Sabah Al Ahmed Al Bahreya,Residential,450,290000
Sabah Al Ahmed Al Bahreya,Residential,474,295000
EGAILA,Residential,4655,425000
MAHBOULA,investment lands,11005,100000
Sabah Al Ahmed Al Bahreya,Residential,465,290000
Fnaitees,Residential,375,550000
Sabah Al Ahmed Al Bahreya,Residential,497,310000
Sabah Al Ahmed Al Bahreya,Residential,493,350000
Fnaitees,Residential,375,564500
Sabah Al -Salem,Residential,41790,540000
Sabah Al Ahmed Al Bahreya,Residential,481,205000
Sabah Al Ahmed Al Bahreya,Residential,500,290000
Abu Ftaira,Residential,400,380000
Sabah Al Ahmed Al Bahreya,Residential,443,205000
Sabah Al Ahmed Al Bahreya,Residential,500,305000
Sabah Al Ahmed Al Bahreya,Residential,500,305000
Sabah Al Ahmed Al Bahreya,Residential,800,230000
Sabah Al Ahmed Al Bahreya,Residential,500,305000
Sabah Al Ahmed Al Bahreya,Residential,500,305000
Sabah Al Ahmed Al Bahreya,Residential,500,305000
Sabah Al Ahmed Al Bahreya,Residential,460,310000
Sabah Al Ahmed Al Bahreya,Residential,460,300000
Sabah Al Ahmed Al Bahreya,Residential,500,310000
Sabah Al Ahmed Al Bahreya,Residential,493,330000
Sabah Al Ahmed Al Bahreya,Residential,486,205000
Sabah Al Ahmed Al Bahreya,Residential,500,300000
Sabah Al Ahmed Al Bahreya,Residential,525,305000
Abu Ftaira,Residential,400,590000
Sabah Al Ahmed Al Bahreya,Residential,478,300000
Mishrif,Residential,750,985000
Sabah Al Ahmed Al Bahreya,Residential,450,290000
Sabah Al Ahmed Al Bahreya,Residential,550,370000
Sabah Al Ahmed Al Bahreya,Residential,550,370000
Sabah Al Ahmed Al Bahreya,Residential,544,355000
Sabah Al Ahmed Al Bahreya,Residential,507,300000
Sabah Al Ahmed Al Bahreya,Residential,636,370000
Sabah Al Ahmed Al Bahreya,Residential,545,165000
Sabah Al Ahmed Al Bahreya,Residential,544,165000
Sabah Al Ahmed Al Bahreya,Residential,544,165000
Sabah Al Ahmed Al Bahreya,Residential,600,320000
Sabah Al Ahmed Al Bahreya,Residential,480,340000
Sabah Al Ahmed Al Bahreya,Residential,493,310000
Rumaithiya,Residential,1000,850000
Sabah Al Ahmed Al Bahreya,Residential,507,300000
Sabah Al Ahmed Al Bahreya,Residential,493,310000
Sabah Al Ahmed Al Bahreya,Residential,545,500000
Zahra,Residential,400,570000
Sabah Al Ahmed Al Bahreya,Residential,1396,320000
Sabah Al Ahmed Al Bahreya,Residential,1054,230000
Sabah Al Ahmed Al Bahreya,Residential,498,328674
Sabah Al Ahmed Al Bahreya,Residential,644,320000
Sabah Al Ahmed Al Bahreya,Residential,644,340000
Dasma,Residential,500,560000
EGAILA,Residential,400,386400
Sabah Al Ahmed Al Bahreya,Residential,507,292000
Sabah Al Ahmed Al Bahreya,Residential,545,190000
BAYAN,Residential,300,340000
Abu Ftaira,Residential,400,530000
Sabah Al Ahmed Al Bahreya,Residential,479,195000
Sabah Al Ahmed Al Bahreya,Residential,494,500000
Sabah Al Ahmed Al Bahreya,Residential,552,290000
Sabah Al Ahmed Al Bahreya,Residential,503,290000
Sabah Al Ahmed Al Bahreya,Residential,644,340000
Sabah Al Ahmed Al Bahreya,Residential,600,720000
Sabah Al Ahmed Al Bahreya,Residential,500,310000
Sabah Al Ahmed Al Bahreya,Residential,518,210000
Sabah Al Ahmed Al Bahreya,Residential,592,290000
Sabah Al Ahmed Al Bahreya,Residential,713,500000
Sabah Al Ahmed Al Bahreya,Residential,1245,900000
Sabah Al Ahmed Al Bahreya,Residential,619,380000
Sabah Al Ahmed Al Bahreya,Residential,494,510000
Sabah Al Ahmed Al Bahreya,Residential,494,510000
BAYAN,Residential,300,445000
Sabah Al Ahmed Al Bahreya,Residential,464,610000
DAIYA,Residential,400,470000
Mishrif,Residential,750,680000
Sabah Al Ahmed Al Bahreya,Residential,534,620000
Sabah Al Ahmed Al Bahreya,Residential,493,300000
KIFAN,Residential,325,500000
Sabah Al Ahmed Al Bahreya,Residential,493,300000
Sabah Al Ahmed Al Bahreya,Residential,493,300000
Sabah Al Ahmed Al Bahreya,Residential,493,300000
Sabah Al Ahmed Al Bahreya,Residential,493,300000
Sabah Al Ahmed Al Bahreya,Residential,713,600000
Sabah Al Ahmed Al Bahreya,Residential,713,600000
ADAILIYA,Residential,750,1350000
Sabah Al Ahmed Al Bahreya,Residential,493,300000
Sabah Al Ahmed Al Bahreya,Residential,550,310000
Sabah Al Ahmed Al Bahreya,Residential,550,405000
DAIYA,Residential,400,485000
Sabah Al Ahmed Al Bahreya,Residential,493,300000
Sabah Al Ahmed Al Bahreya,Residential,534,320000
Sabah Al Ahmed Al Bahreya,Residential,534,310000
Sabah Al Ahmed Al Bahreya,Residential,495,530000
Zahra,Residential,500,590000
Sabah Al Ahmed Al Bahreya,Residential,1344,860000
Sabah Al -Salem,Investment building,875,2150000
Fnaitees,Residential,400,610000
Sabah Al Ahmed Al Bahreya,Residential,640,340000
Sabah Al Ahmed Al Bahreya,Residential,497,520000
Sabah Al Ahmed Al Bahreya,Residential,534,310000
Sabah Al Ahmed Al Bahreya,Residential,590,300000
Sabah Al Ahmed Al Bahreya,Residential,1500,630000
FAIHA,Residential,500,680000
Jabriya,Residential,375,650000
SURRA,Residential,9975,1650000
Salmiya,Residential,600,420000
DAIYA,Residential,375,460000
KIFAN,Residential,750,1050000
BAYAN,Residential,300,405000
JABER AL-AHMED,Residential,400,500000
SAAD AL- ABDULLA CITY,Residential,400,430000
SALAM,Residential,1000,1500000
Nuzha,Residential,750,1500000
Zahra,Residential,40683,425000
RIQQA,Residential,400,285000
ANDALUS,Residential,500,350000
KHAITAN,Residential,300,240000
al-ardiya,Residential,300,250000
OMARIYA,Residential,600,450000
RIQQA,Residential,400,296000
SALAM,Residential,375,700000
Jabriya,Residential,400,520000
MUBARAK AL-KABEER,Residential,400,420000
ALMUTLAA,Residential,400,295000
ALMUTLAA,Residential,400,295000
al-ardiya,Residential,300,300000
QASR,Residential,600,360000
AL-Masayel,Residential,375,655000
AL-Masayel,Residential,400,390000
ANDALUS,Residential,625,585000
Sabah Al -Salem,Residential,30013,300000
Dasma,Residential,500,660000
Hawalli,Investment building,715,2650000
MAHBOULA,Investment building,510,900000
SALMiya,Investment building,638,1100000
Hawalli,Investment building,5375,1700000
Sabah Al -Salem,Investment building,500,1020000
Sabah Al Ahmed Al Bahreya,Residential,470,269000
Sabah Al Ahmed Al Bahreya,Residential,529,270000
Sabah Al Ahmed Al Bahreya,Residential,480,169000
Sabah Al Ahmed Al Bahreya,Residential,1500,630000
Sabah Al Ahmed Al Bahreya,Residential,1203,500000
ANDALUS,Residential,6065,530000
ANDALUS,Residential,5075,500000
ANDALUS,Residential,500,360000
ANDALUS,Residential,500,400000
ANDALUS,Residential,400,445000
ANDALUS,Residential,500,490000
ANDALUS,Residential,400,605000
ANDALUS,Residential,500,420000
ANDALUS,Residential,500,420000
ANDALUS,Residential,400,350000
ANDALUS,Residential,556,730000
ANDALUS,Residential,5075,500000
ANDALUS,Residential,5375,440000
ANDALUS,Residential,375,590000
ANDALUS,Residential,500,380000
ANDALUS,Residential,500,490000
Jabriya,Residential,4825,410000
Jabriya,Residential,7575,500000
Jabriya,Residential,400,480000
Jabriya,Residential,390,442000
Jabriya,Residential,640,750000
Jabriya,Residential,500,575000
Jabriya,Residential,464,427000
Jabriya,Residential,4875,458250
Jabriya,Residential,4875,458250
Jabriya,Residential,500,450000
Jabriya,Residential,400,500000
Jabriya,Residential,500,547000
Jabriya,Residential,1500,2350000
Jabriya,Residential,4875,650000
Jabriya,Residential,450,490000
Jabriya,Residential,425,400000
Jabriya,Residential,946,925000
Jabriya,Residential,7171,7500000
Jabriya,Investment building,944,2700000
Jabriya,Residential,576,450000
Jabriya,Residential,1020,1021237
Jabriya,Investment building,1000,2600000
Jabriya,Residential,375,580000
Jabriya,Investment building,1093,2000000
Jabriya,Residential,1000,845000
Jabriya,Residential,1053,1000000
Jabriya,Residential,507,580000
Jabriya,Residential,400,400000
Jabriya,Investment building,660,1950000
Jabriya,Residential,370,480000
Jabriya,Residential,3825,475000
Jabriya,Residential,754,784000
Jabriya,Residential,750,620000
Jabriya,Residential,600,650000
Jabriya,Residential,400,400000
Jabriya,Residential,3825,470000
Jabriya,Residential,756,720000