PropertyID,Location,NumBedrooms,NumBathrooms,SquareFeet,LotSize,YearBuilt,PropertyType,HasPool,HasGarage,NumFloors,NumRooms,OverallCondition,View,YearLastRemodeled,DistanceToSchool,DistanceToHospital,DistanceToWork,DistanceToPark,Price
1,Suburban,4,3,2500,8000,1990,SingleFamily,Yes,Yes,2,8,7,Garden,2015,0.5,2.3,5.7,0.2,450000
2,CityCenter,2,1,1200,3000,1950,Condo,No,No,1,4,6,City,2005,0.2,0.8,1.2,0.1,250000
3,Rural,3,2,1800,10000,1975,SingleFamily,No,Yes,1,5,5,Mountain,2010,3.0,10.5,20.0,1.5,350000
4,Suburban,5,4,3500,12000,2005,SingleFamily,Yes,Yes,2,10,9,Waterfront,2020,1.2,3.0,7.5,0.5,680000
5,CityCenter,1,1,800,1000,1920,Condo,No,No,1,3,4,City,1998,0.1,0.5,0.8,0.2,180000
6,Suburban,3,2,1800,6000,1985,SingleFamily,Yes,Yes,2,7,6,Garden,2018,0.4,1.5,3.8,0.3,320000
7,CityCenter,2,1,1300,2500,1940,Condo,No,Yes,1,5,5,City,2000,0.3,1.0,1.5,0.2,220000
8,Rural,4,3,2600,9000,1995,SingleFamily,Yes,Yes,1,8,7,Mountain,2016,2.5,9.0,18.0,2.0,410000
9,Suburban,5,4,3600,11000,2008,SingleFamily,Yes,Yes,2,9,8,Waterfront,2022,1.0,2.8,7.0,0.6,720000
10,CityCenter,1,1,900,800,1935,Condo,No,No,1,3,4,City,2005,0.2,0.6,0.9,0.1,170000
11,Suburban,4,3,2200,7500,1978,SingleFamily,Yes,Yes,2,7,6,Garden,2015,0.6,1.9,4.2,0.4,290000
12,CityCenter,2,2,1400,2200,1925,Condo,No,No,1,5,5,City,2008,0.1,0.4,0.7,0.2,210000
13,Rural,3,2,2000,8500,1980,SingleFamily,No,Yes,1,6,5,Mountain,2012,2.0,8.5,15.0,1.2,340000
14,Suburban,5,4,3400,10500,2007,SingleFamily,Yes,Yes,2,8,8,Waterfront,2021,1.1,2.5,6.5,0.5,680000
15,CityCenter,1,1,950,900,1945,Condo,No,No,1,4,4,City,2004,0.3,0.7,1.0,0.1,180000
16,Suburban,4,3,2000,7000,1987,SingleFamily,Yes,Yes,2,7,6,Garden,2019,0.5,1.8,4.0,0.3,310000
17,CityCenter,2,1,1200,2100,1930,Condo,No,Yes,1,5,5,City,2003,0.2,0.5,0.8,0.2,230000
18,Rural,3,2,1900,8000,1982,SingleFamily,No,Yes,1,6,5,Mountain,2014,2.2,9.2,17.5,1.3,360000
19,Suburban,4,3,2300,7200,1992,SingleFamily,Yes,Yes,2,7,6,Garden,2017,0.7,1.7,3.5,0.3,330000
20,CityCenter,2,2,1500,2400,1938,Condo,No,No,1,5,5,City,2007,0.2,0.6,1.0,0.1,240000
21,Rural,3,2,2100,8700,1990,SingleFamily,No,Yes,1,6,6,Mountain,2013,2.3,9.8,16.0,1.4,380000
22,Suburban,4,3,2400,7500,1995,SingleFamily,Yes,Yes,2,7,7,Garden,2020,0.6,1.5,3.8,0.4,340000
23,CityCenter,2,1,1100,2000,1942,Condo,No,No,1,4,5,City,2002,0.1,0.4,0.6,0.1,210000
24,Suburban,4,3,2100,7100,1988,SingleFamily,Yes,Yes,2,7,6,Garden,2016,0.4,1.7,3.6,0.3,310000
25,CityCenter,2,2,1400,2300,1935,Condo,No,No,1,5,4,City,2006,0.2,0.6,0.9,0.1,220000
26,Rural,3,2,1800,8500,1985,SingleFamily,No,Yes,1,6,5,Mountain,2011,2.0,8.2,15.2,1.1,350000
27,Suburban,4,3,2200,7300,1991,SingleFamily,Yes,Yes,2,7,7,Garden,2018,0.5,1.6,3.9,0.4,330000
28,CityCenter,2,1,1200,2100,1932,Condo,No,Yes,1,4,5,City,2000,0.2,0.5,0.8,0.2,230000
29,Rural,3,2,2000,8800,1993,SingleFamily,No,Yes,1,6,6,Mountain,2015,2.1,8.7,16.5,1.3,370000
30,Suburban,4,3,2500,7200,1998,SingleFamily,Yes,Yes,2,7,7,Garden,2021,0.6,1.4,3.5,0.3,360000
31,CityCenter,2,2,1600,2500,1939,Condo,No,No,1,5,4,City,2008,0.1,0.4,0.7,0.1,250000
32,Suburban,5,4,3200,10500,2006,SingleFamily,Yes,Yes,2,8,8,Waterfront,2022,1.0,2.6,6.2,0.6,700000
33,CityCenter,1,1,900,800,1940,Condo,No,No,1,3,4,City,2003,0.2,0.6,0.9,0.1,190000
34,Suburban,4,3,2100,7000,1989,SingleFamily,Yes,Yes,2,7,6,Garden,2017,0.5,1.6,3.7,0.3,300000
35,Rural,3,2,1900,8600,1991,SingleFamily,No,Yes,1,6,5,Mountain,2014,2.0,8.6,16.2,1.2,350000
36,Suburban,4,3,2300,7400,1996,SingleFamily,Yes,Yes,2,7,7,Garden,2020,0.7,1.5,3.8,0.4,330000
37,CityCenter,2,2,1400,2200,1934,Condo,No,No,1,5,5,City,2007,0.2,0.5,0.8,0.2,220000
38,Rural,3,2,2000,8900,1992,SingleFamily,No,Yes,1,6,6,Mountain,2013,2.3,8.9,16.8,1.3,360000
39,Suburban,4,3,2400,7600,1997,SingleFamily,Yes,Yes,2,7,7,Garden,2019,0.6,1.4,3.6,0.3,320000
40,CityCenter,2,1,1100,2100,1943,Condo,No,No,1,4,5,City,2002,0.1,0.4,0.7,0.1,210000
41,Suburban,4,3,2200,7400,1987,SingleFamily,Yes,Yes,2,7,6,Garden,2016,0.4,1.6,3.7,0.3,310000
42,CityCenter,2,2,1500,2400,1939,Condo,No,No,1,5,5,City,2008,0.2,0.6,1.0,0.1,230000
43,Rural,3,2,2100,8800,1993,SingleFamily,No,Yes,1,6,6,Mountain,2015,2.1,8.8,16.7,1.3,370000
44,Suburban,4,3,2300,7500,1998,SingleFamily,Yes,Yes,2,7,7,Garden,2021,0.7,1.5,3.9,0.4,330000
45,CityCenter,2,2,1600,2500,1940,Condo,No,No,1,5,4,City,2009,0.1,0.4,0.7,0.1,240000
46,Suburban,5,4,3200,10400,2005,SingleFamily,Yes,Yes,2,8,8,Waterfront,2022,1.0,2.7,6.4,0.6,710000
47,CityCenter,1,1,900,800,1942,Condo,No,No,1,3,4,City,2003,0.2,0.6,0.9,0.1,190000
48,Suburban,4,3,2100,7000,1988,SingleFamily,Yes,Yes,2,7,6,Garden,2018,0.5,1.6,3.7,0.3,300000
49,Rural,3,2,1900,8600,1990,SingleFamily,No,Yes,1,6,5,Mountain,2014,2.0,8.6,16.4,1.2,350000
50,Suburban,4,3,2400,7500,1996,SingleFamily,Yes,Yes,2,7,7,Garden,2020,0.6,1.5,3.8,0.4,320000
