No,City,Location,Area (sq.m),Type,Price,Bedroom,Bathrooms,Furnished,Street Access,Total Yard Area (sq.m),Pool,Lift,Sea,Playground,School,Hospital,Mosque,Mall,Indoor Pool,Outdoor Pool,Gym,Parking,Bank/Atm,Pharmacy,Restaurant,Supermarket,Laundry Room,Maid Room,Kitchen Furnished,Heating,Balcony,Jacuzzi,Solar Panels,Garden,Garage,Storage
6,Funtaitees,Downtown,500,Residential,175000,7,6,0,1,1,0,1,0,0,0,0,0,0,1,0,1,0,0,1,1,0,1,0,0,1,0,1,1,0,1,1
7,Funtaitees,Lakeview,400,Residential,200000,4,6,1,1,0,1,1,1,1,1,0,1,1,0,1,0,1,0,1,0,0,1,0,0,1,1,1,0,0,0,1
8,Almansouriya,Beachfront,1500,Residential,1300000,6,2,1,0,1,0,0,0,0,0,1,0,0,0,1,1,0,0,1,0,1,0,1,0,1,0,1,0,1,1,1
9,Funtaitees,Suburb,400,Residential,173000,6,2,0,0,1,1,1,1,0,0,0,1,1,1,0,0,1,0,1,0,1,0,0,1,0,1,0,0,0,1,0
10,Almesayel,Downtown,400,Residential,180000,7,2,0,0,1,0,1,0,1,1,1,1,0,1,0,0,0,0,1,0,0,1,0,0,0,1,0,0,1,1,1
11,Funtaitees,Downtown,400,Residential,165000,6,4,0,0,1,1,0,1,0,1,1,0,1,1,1,1,0,1,0,1,1,0,1,0,1,0,0,0,1,0,0
12,Sabah Al-Ahmed Marine City,Lakeview,645,Residential,185000,1,7,1,0,0,1,1,1,1,0,0,1,1,1,0,0,0,0,0,0,0,1,1,1,0,1,1,1,1,1,1
13,Sabah Al-Ahmed Marine City,Hillside,460,Residential,130000,5,2,0,1,0,1,1,1,0,0,0,0,1,0,0,0,0,0,1,0,1,1,1,1,0,1,1,0,0,1,1
14,Abu Ftaira,Suburb,400,Residential,200000,7,3,0,0,0,1,1,1,0,0,1,0,0,1,0,1,0,0,1,0,0,1,0,1,0,0,0,1,1,0,1
15,Sabah Al-Ahmed Marine City,Suburb,480,Residential,140000,4,4,0,0,0,0,0,0,1,1,0,1,1,1,0,0,0,0,0,0,0,0,1,1,0,1,0,0,0,1,0
16,Abu Ftaira,Lakeview,400,Residential,160000,5,7,1,0,1,1,1,0,0,0,0,0,1,1,1,0,0,0,0,1,0,1,0,1,1,0,0,1,0,1,0
17,Abu Ftaira,Hillside,400,Residential,160000,3,6,0,1,1,1,0,0,1,1,1,0,0,0,0,1,1,0,1,1,0,1,1,0,0,1,1,0,1,1,1
18,Abu Ftaira,Downtown,400,Residential,190000,7,6,0,0,0,1,1,1,1,0,1,1,1,1,1,1,0,1,0,0,0,0,0,1,1,0,0,0,1,1,1
19,Abu Ftaira,Hillside,420,Residential,215000,2,2,1,1,0,0,1,1,0,1,1,0,1,1,1,1,1,1,0,1,0,0,0,1,0,0,0,0,0,0,1
20,Mubarak Al-Abdulah,Lakeview,412.5,Residential,265000,7,4,0,1,1,1,1,1,0,0,0,0,0,1,1,1,0,0,0,0,0,1,1,0,1,0,1,0,1,1,1
21,Abu Ftaira,Downtown,416,Residential,215000,4,4,0,0,1,1,1,0,0,0,1,1,0,1,0,0,0,1,1,0,0,0,1,0,0,0,0,0,0,1,1
22,Abu Ftaira,Lakeview,416,Residential,215000,4,6,0,1,1,0,0,1,1,0,1,1,1,1,0,1,1,0,1,0,1,0,0,1,0,0,1,1,1,0,1
23,Abu Ftaira,Suburb,416,Residential,215000,1,2,0,1,1,0,0,0,0,1,1,0,0,1,0,0,1,1,1,1,1,1,0,0,1,0,0,1,1,1,0
24,Abu Ftaira,Downtown,416,Residential,215000,1,2,0,1,0,1,1,1,0,0,1,0,0,1,0,0,0,1,1,0,1,0,1,1,0,0,1,0,1,0,1
25,Abu Ftaira,Beachfront,400,Residential,220000,2,7,1,1,0,0,1,0,1,0,0,1,0,1,1,0,1,1,1,0,1,1,0,1,0,1,1,0,0,1,1
26,Sabah Al-Ahmed Marine City,Hillside,658,Residential,183000,2,5,0,0,0,1,1,1,1,1,0,0,1,1,1,0,0,0,1,0,1,0,0,1,1,1,1,0,0,1,1
27,Abu Ftaira,Beachfront,400,Residential,190000,6,1,0,0,1,1,0,0,0,1,1,1,1,0,0,0,1,1,1,1,0,1,1,1,0,0,0,0,0,0,0
28,Abu Ftaira,Suburb,400,Residential,160000,2,1,0,0,0,0,1,0,0,0,0,1,0,0,1,1,0,0,0,0,1,0,0,1,0,1,0,1,1,0,0
29,Abu Ftaira,Downtown,416,Residential,235000,5,6,1,0,1,0,1,1,0,0,0,0,1,1,0,1,0,0,0,0,1,0,0,1,0,0,1,0,1,1,0
30,Hateen,Downtown,640,Residential,390000,2,2,0,0,1,1,1,1,0,1,1,0,0,0,1,1,0,0,1,1,1,1,1,0,1,0,0,1,0,1,1
31,Abu Ftaira,Beachfront,400,Residential,165000,3,3,0,0,1,1,1,1,0,0,0,1,1,1,0,1,1,1,0,0,1,1,1,0,0,0,1,0,0,0,1
32,Abu Ftaira,Suburb,416,Residential,235000,6,2,0,0,0,1,1,0,1,1,1,1,0,1,0,1,0,1,1,0,1,0,0,0,0,1,0,1,0,0,0
33,Abu Ftaira,Lakeview,400,Residential,163000,5,3,1,1,1,0,1,0,0,0,0,1,0,0,1,1,1,1,0,1,1,0,0,1,1,0,0,1,0,1,0
34,Abu Ftaira,Hillside,400,Residential,163000,6,6,1,0,0,0,0,1,1,1,1,0,0,0,1,1,0,0,1,0,0,0,0,1,0,1,1,0,0,1,0
35,Abu Ftaira,Suburb,400,Residential,163000,1,6,0,0,0,1,1,0,1,1,0,0,0,0,0,0,1,0,1,0,0,1,0,0,0,1,0,0,1,1,1
36,Almansouriya,Suburb,500,Residential,370000,6,5,1,0,1,0,0,1,1,1,0,0,0,0,0,0,1,0,1,0,1,1,1,1,1,1,0,0,1,0,0
37,Aljabriya,Downtown,750,Residential,180000,2,5,0,1,1,0,1,1,1,0,1,1,0,0,0,1,0,1,1,1,0,1,1,1,0,0,1,0,0,0,1
38,Abu Ftaira,Downtown,400,Residential,210000,5,1,1,0,1,1,1,1,0,0,1,1,1,0,1,1,0,0,1,0,0,0,1,0,0,0,1,0,1,1,0
39,Abu Ftaira,Downtown,400,Residential,170000,7,6,0,0,1,0,1,0,1,1,1,0,0,0,0,0,1,0,1,0,0,1,0,0,0,1,0,0,1,0,0
40,Alwafra,Suburb,400,Residential,52000,1,1,0,0,0,0,0,1,1,1,1,0,1,1,1,0,1,0,1,1,0,1,0,0,0,0,0,0,1,1,1
41,Sabah Al-Ahmed Marine City,Hillside,532,Residential,86500,5,4,0,1,1,0,0,1,1,1,0,0,1,1,1,1,1,1,0,0,0,1,1,0,0,0,1,1,0,0,0
42,Abu Ftaira,Downtown,400,Residential,235000,5,2,0,0,0,0,0,1,0,0,1,0,0,0,1,1,1,1,1,1,0,1,1,1,1,0,1,1,1,1,1
43,Abu Ftaira,Lakeview,400,Residential,168000,5,6,1,1,1,0,1,0,1,1,1,0,0,0,0,0,1,1,1,1,1,0,0,0,1,0,1,1,0,1,1
44,Abu Ftaira,Suburb,550,Residential,190000,5,5,1,1,0,0,1,1,0,0,1,1,1,0,0,1,0,1,1,1,1,1,0,0,1,1,0,1,0,0,0
45,Abu Ftaira,Suburb,400,Residential,235000,7,6,0,1,1,0,0,0,0,0,0,1,0,0,0,1,1,1,1,1,0,0,1,0,1,1,0,1,0,1,0
46,Abu Ftaira,Beachfront,400,Residential,235000,6,1,0,1,0,1,0,0,0,0,0,1,1,1,0,1,1,1,1,0,1,1,0,1,1,0,1,1,1,0,1
47,Abu Ftaira,Hillside,500,Residential,240000,1,1,1,1,1,0,0,1,0,1,0,0,0,1,1,1,0,1,1,1,1,1,0,1,0,1,0,0,1,1,0
48,Funtaitees,Hillside,400,Residential,188000,4,4,0,0,1,1,0,0,1,0,0,1,0,0,1,0,1,0,1,0,0,1,1,0,0,1,1,1,0,1,1
49,Abu Ftaira,Lakeview,550,Residential,205000,1,5,1,1,0,0,1,0,1,0,1,0,1,1,1,1,1,0,1,1,1,1,1,1,1,1,1,0,1,0,0
50,Abu Ftaira,Lakeview,400,Residential,170000,1,5,1,0,0,1,0,0,0,0,1,0,0,0,1,1,0,1,1,1,1,0,0,0,0,0,0,1,1,0,0
51,Abu Ftaira,Hillside,400,Residential,250000,5,2,0,0,1,1,1,1,1,1,0,0,0,1,0,1,0,0,1,0,0,0,1,0,0,1,1,0,0,0,0
52,Abu Ftaira,Lakeview,400,Residential,255000,2,5,1,1,1,1,1,1,0,0,0,0,1,1,0,1,1,0,0,1,0,1,0,0,1,1,1,1,1,0,0
53,Funtaitees,Suburb,400,Residential,196000,6,4,1,1,0,1,0,0,0,0,1,0,1,1,0,1,1,0,1,0,1,1,0,1,0,1,1,1,1,1,0
54,Abu Ftaira,Downtown,400,Residential,250000,6,2,0,1,0,0,1,1,0,1,1,1,0,1,1,0,0,0,0,1,1,1,0,0,0,1,1,1,0,0,0
55,Sabah Al-Ahmed Marine City,Beachfront,647,Residential,184000,3,3,0,0,1,0,0,1,0,1,1,1,0,0,0,1,0,1,1,0,1,1,0,0,1,0,0,0,1,1,0
56,Sabah Al-Ahmed Marine City,Downtown,647,Residential,184000,5,1,0,1,0,0,1,1,0,0,0,1,1,0,0,1,0,1,1,0,0,0,1,1,1,0,0,1,1,1,1
57,Abu Ftaira,Lakeview,500,Residential,255000,2,7,0,0,0,0,0,1,0,1,0,0,0,1,0,0,0,1,1,0,0,1,1,0,0,1,0,0,0,0,0
58,Funtaitees,Lakeview,400,Residential,226000,5,1,0,0,0,1,0,0,1,1,0,1,0,0,0,0,0,1,0,1,0,0,1,1,1,0,1,1,0,1,0
59,Sabah Al-Ahmed Marine City,Hillside,647,Residential,184000,2,5,1,1,0,0,1,1,1,1,0,0,1,1,1,1,0,1,0,1,1,1,1,1,1,1,0,1,1,0,0
60,Abu Ftaira,Suburb,400,Residential,220000,4,5,1,1,1,1,0,0,1,0,0,1,1,0,1,1,0,0,0,0,0,0,1,0,0,1,1,1,1,1,1
61,AL-Masayel,Hillside,500,Residential,255000,6,4,1,1,1,1,1,1,0,0,1,0,0,0,0,0,0,1,1,0,1,0,0,0,1,1,0,0,0,0,1
62,Abu Ftaira,Lakeview,400,Residential,225000,3,1,1,1,1,0,0,1,1,0,0,1,1,1,1,0,1,1,1,0,0,1,0,0,1,1,1,0,0,0,1
63,Abu Ftaira,Beachfront,400,Residential,225000,2,6,1,1,1,1,0,0,0,1,0,0,1,0,0,1,1,0,0,1,1,0,1,0,1,1,0,1,0,0,1
64,Abu Ftaira,Lakeview,400,Residential,225000,7,3,1,0,0,0,1,1,0,0,0,0,0,0,0,0,0,0,1,1,1,0,0,1,1,0,1,1,0,1,0
65,Sabah Al Ahmed Al Bahreya,Beachfront,526,Residential,180000,7,6,1,1,1,1,1,1,0,0,0,0,0,1,1,1,0,1,1,1,0,0,0,0,1,0,0,0,0,1,0
66,Sabah Al Ahmed Al Bahreya,Lakeview,506,Residential,185000,1,1,0,0,0,0,0,0,0,1,1,1,1,0,1,0,0,1,0,1,1,0,1,0,0,0,1,1,0,0,0
67,Abu Ftaira,Suburb,400,Residential,219000,5,4,0,1,1,1,1,1,0,0,0,1,1,0,0,0,1,0,1,1,1,0,0,0,1,1,0,0,1,1,0
68,Funtaitees,Suburb,400,Residential,265000,3,4,1,1,0,0,1,0,1,0,0,0,0,0,0,0,0,1,0,0,0,1,0,0,0,1,0,1,1,1,1
69,Sabah Al Ahmed Al Bahreya,Lakeview,526,Residential,190000,1,5,1,0,0,0,0,1,1,1,0,1,0,1,0,1,1,0,1,0,0,0,1,0,0,0,1,0,0,1,0
70,Sabah Al Ahmed Al Bahreya,Lakeview,462,Residential,190000,6,6,1,1,0,1,1,1,1,1,1,1,1,0,0,0,1,1,0,1,1,0,0,0,0,1,0,0,0,1,0
71,Sabah Al Ahmed Al Bahreya,Lakeview,693,Residential,128205,5,1,1,1,1,0,1,0,1,1,0,0,1,1,0,1,0,0,0,0,1,1,0,1,0,0,0,1,0,0,0
72,Sabah Al Ahmed Al Bahreya,Hillside,506,Residential,194000,7,1,1,0,0,0,0,1,0,0,1,0,1,1,0,1,0,1,0,1,0,1,0,1,1,0,1,1,0,0,1
73,Abu Ftaira,Lakeview,400,Residential,228000,3,4,1,1,1,1,1,0,1,1,1,1,0,1,1,1,1,1,1,0,0,1,1,1,1,0,0,1,0,1,0
74,Funtaitees,Beachfront,400,Residential,235000,5,4,1,1,1,0,1,0,0,1,0,0,0,1,1,0,1,0,1,0,1,0,0,1,0,0,0,1,1,0,0
75,Abu Ftaira,Hillside,400,Residential,222000,1,1,1,0,0,1,0,1,1,0,0,0,0,1,0,1,0,0,1,1,0,1,1,1,0,1,0,1,1,0,0
76,Sabah Al Ahmed Al Bahreya,Suburb,460,Residential,203000,7,5,1,0,1,1,0,0,1,0,1,1,0,0,0,0,1,0,1,0,0,1,0,1,1,1,1,1,0,0,0
77,QIBLA,Downtown,17,Commercial building,59000,2,3,0,0,0,0,0,0,0,0,0,1,1,1,1,0,1,0,0,0,1,1,0,0,0,0,0,0,0,1,0
78,Sabah Al Ahmed Al Bahreya,Lakeview,506,Residential,194000,3,6,1,0,1,1,1,0,0,1,1,1,1,0,1,0,0,0,1,1,0,1,1,1,1,0,1,1,1,0,0
79,Abu Ftaira,Suburb,400,Residential,223000,6,2,1,0,0,1,1,0,0,1,1,0,1,0,0,1,1,0,0,1,1,0,0,0,1,0,1,0,1,0,0
80,Sabah Al Ahmed Al Bahreya,Beachfront,526,Residential,198000,7,5,0,0,0,0,1,0,1,0,1,0,1,0,1,0,0,1,1,1,1,1,1,1,1,0,1,1,1,0,0
81,Sabah Al Ahmed Al Bahreya,Lakeview,490,Residential,190000,7,7,0,0,1,0,0,1,0,1,0,1,1,0,1,0,0,1,0,0,0,1,0,0,1,0,1,0,0,0,0
82,Zahra,Hillside,379.5,Residential,325000,2,2,0,1,0,1,1,0,0,1,1,1,1,1,1,1,1,1,0,1,1,0,1,1,0,0,0,1,0,0,1
83,Zahra,Lakeview,375,Residential,285000,3,1,1,0,0,1,1,1,1,0,1,1,1,0,0,0,1,0,0,0,0,0,1,1,0,1,0,1,0,1,1
84,Sabah Al Ahmed Al Bahreya,Downtown,450,Residential,200000,6,4,0,0,1,0,0,0,1,1,1,0,1,1,0,1,0,0,1,0,0,1,0,1,1,1,1,1,1,1,1
85,AL-Masayel,Beachfront,500,Residential,260000,7,6,1,1,1,0,1,0,0,1,1,1,1,1,0,1,1,0,1,0,0,0,0,0,0,1,1,1,0,0,1
86,Sabah Al Ahmed Al Bahreya,Downtown,850,Residential,157250,5,3,0,1,0,1,1,1,1,1,0,0,0,0,0,0,0,1,1,0,1,1,0,1,0,1,0,0,1,1,0
87,Sabah Al Ahmed Al Bahreya,Lakeview,1737,Residential,320000,6,3,1,0,0,1,1,1,1,1,1,0,0,1,1,1,0,0,1,1,0,1,1,0,0,1,0,1,1,0,0
88,salwa,Lakeview,100,Residential,130000,6,5,0,0,1,1,1,0,0,1,1,1,0,0,0,1,1,0,0,0,1,1,1,0,0,0,0,0,1,0,0
89,Abu Ftaira,Hillside,400,Residential,220000,4,7,1,0,0,1,1,0,1,1,0,1,1,1,1,1,0,1,0,0,0,0,1,0,0,0,1,1,1,0,1
90,Sabah Al Ahmed Al Bahreya,Lakeview,570,Residential,255000,3,4,0,0,0,0,1,1,1,0,0,1,1,1,0,0,0,1,1,0,1,0,1,1,0,0,0,0,0,1,1
91,DAIYA,Beachfront,400,Residential,300000,2,7,1,0,0,1,1,0,1,0,1,1,1,1,0,1,1,1,0,1,1,0,1,0,0,0,0,1,0,1,0
92,Sabah Al Ahmed Al Bahreya,Lakeview,465,Residential,198000,5,2,1,1,1,1,1,1,0,1,0,1,1,0,1,0,1,1,0,1,0,0,1,0,0,1,0,0,0,1,0
93,Abu Ftaira,Lakeview,493,Residential,295000,5,3,0,0,1,0,0,0,0,1,0,0,0,0,0,1,1,0,0,1,1,0,0,1,0,0,0,0,0,0,1
94,Sabah Al Ahmed Al Bahreya,Beachfront,450,Residential,191000,1,2,0,1,0,1,1,0,1,1,0,1,1,0,0,0,1,1,0,0,0,1,0,0,0,1,1,0,1,0,0
95,Sabah Al Ahmed Al Bahreya,Lakeview,647,Residential,240000,2,1,1,0,1,0,0,1,1,0,0,0,0,1,1,0,0,1,1,0,0,1,0,1,1,1,1,0,1,0,1
96,Sabah Al Ahmed Al Bahreya,Downtown,490,Residential,205000,6,5,1,1,0,0,0,1,1,0,1,1,1,1,1,0,1,0,0,0,0,1,1,0,0,0,1,0,1,0,0
97,Abu Ftaira,Suburb,400,Residential,220000,6,7,1,0,1,1,1,0,1,1,1,0,0,1,0,1,0,0,1,1,1,0,0,0,0,0,0,1,0,1,0
98,Sabah Al Ahmed Al Bahreya,Beachfront,459,Residential,198000,1,1,0,0,1,0,0,0,0,1,1,1,0,1,0,1,1,1,0,0,1,1,1,0,1,1,1,1,1,1,0
99,Abu Ftaira,Hillside,400,Residential,220000,6,7,0,0,1,0,0,0,1,1,1,0,0,1,1,0,0,1,0,1,1,0,1,0,0,1,0,1,0,0,1
100,Sabah Al Ahmed Al Bahreya,Hillside,450,Residential,205000,1,2,1,0,1,1,0,0,0,1,1,0,1,1,1,1,1,0,1,1,0,1,1,1,1,1,1,1,1,1,0
101,Sabah Al Ahmed Al Bahreya,Suburb,450,Residential,200000,1,5,1,1,0,1,0,1,0,0,0,1,0,1,0,1,1,1,0,0,1,1,1,0,0,0,0,0,0,0,1
102,Sabah Al Ahmed Al Bahreya,Beachfront,452,Residential,138000,5,1,0,1,1,0,1,1,1,1,1,1,0,0,1,1,0,0,0,0,0,0,0,1,0,1,1,0,1,0,1
103,Zahra,Beachfront,500,Residential,445000,6,6,1,0,1,1,1,1,1,1,1,0,0,0,0,1,0,1,1,0,0,1,1,0,1,0,0,0,1,0,1
104,salwa,Downtown,1000,Residential,1150000,5,3,0,1,1,0,1,0,0,1,0,1,1,0,0,1,1,0,1,1,0,0,1,0,0,0,0,1,0,0,0
105,Sabah Al -Salem,Lakeview,875,investment lands,1050000,4,2,0,0,0,0,0,1,1,0,0,1,0,0,1,0,1,1,1,1,1,0,0,0,0,1,0,0,1,0,0
106,Sabah Al -Salem,Downtown,875,investment lands,1050000,5,5,1,0,1,0,0,1,0,0,1,1,1,1,0,0,0,0,0,1,0,1,0,1,1,0,0,1,0,1,0
107,Zahra,Suburb,375,Residential,305000,4,3,1,1,1,1,1,1,0,1,0,1,0,0,1,1,1,0,0,1,0,0,0,0,0,1,0,1,0,1,0
108,Sabah Al -Salem,Lakeview,395.5,Residential,280000,7,5,0,0,0,1,0,0,0,1,0,1,0,1,1,1,0,1,0,0,1,1,1,0,1,0,1,0,0,1,1
109,Sabah Al Ahmed Al Bahreya,Suburb,450,Residential,210000,6,2,0,0,0,0,0,0,1,1,1,1,1,0,1,1,0,0,1,1,1,0,1,0,1,1,0,1,1,1,1
110,Sabah Al Ahmed Al Bahreya,Hillside,459,Residential,210000,1,5,1,0,0,1,1,0,1,1,1,1,1,0,1,0,0,1,1,1,1,0,1,1,0,1,0,1,0,0,0
111,Funtaitees,Beachfront,400,Residential,235000,5,6,0,1,1,0,1,1,1,1,1,0,0,0,1,1,0,0,0,0,0,0,0,0,1,1,0,0,0,1,0
112,Zahra,Lakeview,500,Residential,390000,6,5,1,0,1,0,0,0,0,0,1,0,1,0,1,1,1,1,1,0,0,0,0,0,1,0,1,0,0,1,0
113,Zahra,Downtown,375,Residential,360000,1,6,0,0,1,0,0,1,1,1,1,1,0,1,1,0,0,0,1,0,1,0,0,0,1,0,1,1,1,0,0
114,Sabah Al Ahmed Al Bahreya,Suburb,452,Residential,138000,2,3,1,0,1,0,0,0,0,0,0,1,0,1,1,1,0,1,1,1,1,0,1,0,1,1,0,0,1,0,1
115,Zahra,Hillside,379.5,Residential,325000,7,4,0,1,0,1,1,0,1,1,0,1,1,1,0,1,1,1,1,0,1,1,0,0,0,0,1,1,0,1,1
116,Sabah Al Ahmed Al Bahreya,Beachfront,531,Residential,220000,4,2,1,0,0,0,1,1,0,1,0,1,1,0,1,0,0,0,1,1,0,1,1,0,0,0,0,1,1,1,1
117,Sabah Al Ahmed Al Bahreya,Suburb,506,Residential,220000,7,5,0,1,1,1,0,0,1,0,1,1,1,0,1,1,1,1,0,0,0,1,0,1,1,1,1,0,1,0,0
118,Sabah Al Ahmed Al Bahreya,Suburb,480,Residential,155000,1,4,0,0,1,1,1,0,1,1,1,1,0,1,1,0,1,1,0,0,1,0,0,1,1,1,1,0,1,0,1
119,Abu Ftaira,Downtown,400,Residential,219000,3,6,1,0,1,1,1,1,1,0,0,0,0,1,0,1,1,0,0,1,0,1,0,0,1,0,1,1,0,0,1
120,Zahra,Beachfront,500,Residential,480000,5,1,0,0,0,1,1,0,0,1,0,0,0,0,1,1,0,1,1,1,1,1,0,0,1,1,1,0,0,0,1
121,Sabah Al Ahmed Al Bahreya,Hillside,450,Residential,210000,1,3,0,1,0,1,1,1,1,0,1,0,1,1,0,0,0,0,0,1,1,0,1,0,0,1,0,0,0,1,1
122,Sabah Al Ahmed Al Bahreya,Lakeview,459,Residential,212000,6,5,0,1,1,0,0,0,0,0,0,0,1,0,1,1,0,0,0,0,0,0,1,1,1,1,1,1,1,1,1
123,Sabah Al Ahmed Al Bahreya,Beachfront,450,Residential,210000,7,4,1,0,1,0,0,0,1,1,1,1,0,1,0,0,1,1,1,0,1,0,0,1,1,1,1,0,1,1,1
124,Zahra,Downtown,385,Residential,360000,5,2,0,0,1,0,0,1,1,0,0,1,1,0,1,1,0,1,1,0,0,1,0,0,1,0,1,1,0,1,0
125,Sabah Al Ahmed Al Bahreya,Lakeview,531,Residential,235000,6,3,1,1,1,1,1,1,0,1,0,1,0,0,0,1,0,1,0,0,0,0,1,0,1,0,1,1,0,1,1
126,Sabah Al Ahmed Al Bahreya,Beachfront,505,Residential,212000,1,4,1,1,0,1,1,1,0,1,1,0,0,0,0,0,1,0,1,1,1,1,0,1,0,0,1,1,0,1,0
127,AL-FINTAS,Beachfront,200.19,investment lands,200000,4,6,1,0,1,1,1,1,0,1,1,1,0,0,0,1,0,0,1,1,0,0,0,0,0,0,0,1,1,0,0
128,SALAM,Beachfront,500,Residential,500000,6,1,1,1,0,1,0,0,1,0,0,0,0,1,1,0,1,1,1,0,1,0,1,1,0,0,0,0,1,0,0
129,Sabah Al Ahmed Al Bahreya,Lakeview,487,Residential,230000,1,4,1,0,1,0,1,1,1,1,1,0,1,1,0,1,0,0,0,0,1,0,1,0,1,1,1,1,0,0,1
130,Abu Ftaira,Hillside,400,Residential,235000,3,7,0,0,0,0,0,0,0,0,0,1,0,1,1,1,0,0,1,0,1,1,0,0,1,1,0,0,0,0,0
131,Abu Ftaira,Downtown,400,Residential,235000,3,3,0,0,1,1,0,1,0,0,0,1,0,1,1,1,1,1,1,0,0,0,0,0,1,0,1,1,0,0,1
132,Sabah Al Ahmed Al Bahreya,Suburb,450,Residential,222000,7,1,0,1,0,1,1,1,0,0,0,1,0,1,0,1,0,1,0,1,1,1,1,0,0,0,0,1,0,1,1
133,Abu Ftaira,Suburb,400,Residential,235000,3,1,0,0,1,0,1,1,1,1,1,1,1,1,1,1,0,1,0,1,1,0,0,1,0,0,1,1,1,0,1
134,Abu Ftaira,Downtown,400,Residential,235000,5,3,0,1,0,1,0,0,0,0,1,0,0,1,1,1,1,1,1,1,0,1,0,1,1,0,0,1,0,0,1
135,Dasma,Beachfront,500,Residential,420000,4,7,0,0,0,1,1,1,0,1,1,1,1,1,1,0,0,1,0,0,0,0,0,1,0,1,1,1,1,1,1
136,Sabah Al Ahmed Al Bahreya,Lakeview,450,Residential,212000,3,7,1,1,1,1,1,1,1,1,1,0,1,1,0,1,0,0,1,1,0,0,0,1,1,1,0,1,0,0,0
137,Sabah Al Ahmed Al Bahreya,Hillside,450,Residential,212000,1,2,0,0,0,1,0,0,0,0,1,1,0,1,0,1,1,0,1,0,0,0,1,1,0,1,1,1,0,0,1
138,Rumaithiya,Lakeview,500,Residential,440000,7,3,1,0,0,1,1,1,0,0,1,1,0,1,1,1,1,0,0,1,0,1,1,1,1,1,1,1,1,0,0
139,Sabah Al Ahmed Al Bahreya,Lakeview,459,Residential,225000,5,6,0,0,1,0,0,1,0,0,1,1,0,1,0,0,1,0,0,0,1,0,0,1,0,1,1,0,0,1,0
140,Sabah Al Ahmed Al Bahreya,Beachfront,526,Residential,230000,3,7,1,1,0,1,0,1,1,0,1,1,1,1,0,0,1,0,1,0,0,1,0,1,0,1,1,1,0,1,1
141,SHUHADA,Beachfront,400,Residential,615000,4,2,0,0,0,0,1,1,0,1,1,0,1,0,1,0,0,0,1,0,0,1,0,0,1,1,0,0,1,0,0
142,Sabah Al Ahmed Al Bahreya,Beachfront,450,Residential,223000,6,4,0,1,1,0,0,0,0,0,1,1,0,1,1,1,0,0,0,1,1,0,1,0,1,0,0,1,1,1,0
143,Sabah Al Ahmed Al Bahreya,Hillside,465,Residential,215000,4,6,1,1,1,0,1,0,0,1,1,1,1,1,1,1,0,0,1,0,1,1,0,1,0,0,0,0,1,1,0
144,Sabah Al Ahmed Al Bahreya,Hillside,850,Residential,185000,4,7,1,1,1,0,1,1,0,1,1,1,1,1,0,1,1,0,0,0,0,0,0,1,1,0,0,1,0,0,1
145,Funtaitees,Downtown,400,Residential,239000,7,2,1,1,1,0,1,1,0,1,0,0,1,0,1,1,1,0,0,0,0,0,0,0,1,0,0,1,0,0,0
146,Funtaitees,Lakeview,400,Residential,239000,5,3,1,1,1,1,0,0,0,0,1,1,1,1,0,1,0,1,0,0,0,0,1,0,1,1,0,0,0,0,0
147,SURRA,Beachfront,1367,Residential,1500000,2,1,0,1,0,0,1,1,0,1,1,0,1,1,0,1,1,0,0,1,1,1,0,0,0,1,1,1,0,1,1
148,Sabah Al -Salem,Beachfront,875,investment lands,1225000,4,2,0,0,0,1,0,0,0,0,0,0,1,0,0,0,0,0,1,1,0,0,1,1,1,1,0,1,0,1,1
149,Sabah Al Ahmed Al Bahreya,Beachfront,1211,Residential,350000,1,1,1,0,1,1,1,1,0,0,0,1,0,1,1,0,1,1,0,1,0,1,1,0,0,1,1,1,1,1,0
150,Funtaitees,Lakeview,400,Residential,295000,1,4,0,0,1,1,1,1,1,0,0,1,0,1,0,0,0,0,1,0,0,0,0,0,0,1,0,1,0,0,1
151,Sabah Al Ahmed Al Bahreya,Downtown,642,Residential,165000,2,5,0,1,1,0,0,0,0,1,0,1,0,1,0,0,1,1,0,0,0,1,0,0,0,1,1,1,1,1,1
152,Nuzha,Beachfront,1000,Residential,1250000,1,2,1,0,0,1,1,0,1,1,1,1,1,1,0,1,0,0,1,0,0,0,1,0,0,1,0,1,0,0,1
153,AL-Masayel,Downtown,500,Residential,355000,2,5,1,0,0,0,1,0,0,1,0,1,1,0,1,1,0,0,0,1,0,0,1,1,1,1,1,1,0,0,0
154,AL-Masayel,Hillside,500,Residential,350000,2,2,0,0,1,0,1,0,1,0,1,1,0,1,0,0,0,0,1,0,1,0,0,0,1,1,1,0,1,1,1
155,Sabah Al Ahmed Al Bahreya,Suburb,505,Residential,230000,3,7,1,1,1,0,0,0,0,1,1,1,1,1,0,0,0,1,0,1,1,1,0,0,0,0,0,1,1,1,0
156,Mansouriya,Lakeview,1000,Residential,1050000,3,7,0,1,0,0,0,1,1,1,0,1,1,1,0,1,0,1,0,1,0,1,1,1,1,0,1,1,0,1,1
157,Funtaitees,Downtown,500,Residential,285000,3,6,0,0,1,1,0,0,1,1,0,0,1,1,1,0,1,0,1,0,1,1,0,0,0,1,1,1,0,0,0
158,Sabah Al Ahmed Al Bahreya,Suburb,540,Residential,230000,4,5,0,0,1,0,0,0,1,0,0,1,0,0,0,0,0,0,0,1,0,0,0,0,0,1,0,0,0,1,1
159,Sabah Al Ahmed Al Bahreya,Lakeview,450,Residential,220000,1,7,1,1,0,1,0,0,0,1,1,0,0,1,1,1,1,1,1,1,0,0,0,1,0,0,1,1,0,1,0
160,SALAM,Lakeview,428,Residential,545000,5,2,0,0,0,0,1,0,0,1,1,1,0,1,1,0,1,0,1,0,1,1,1,1,1,0,1,1,0,1,1
161,Sabah Al Ahmed Al Bahreya,Hillside,459,Residential,225000,4,2,0,1,1,1,1,0,1,1,1,1,1,0,1,1,0,1,1,1,0,0,1,1,1,1,0,0,0,1,1
162,Sabah Al Ahmed Al Bahreya,Beachfront,450,Residential,213000,6,6,1,1,1,0,1,1,1,1,0,1,0,1,0,0,0,0,1,1,0,0,0,0,0,1,1,1,1,0,0
163,Sabah Al Ahmed Al Bahreya,Downtown,1275,Residential,380000,5,5,1,0,1,0,0,1,1,0,0,1,0,0,1,1,0,0,0,0,0,1,1,1,1,0,0,0,0,1,0
164,Sabah Al Ahmed Al Bahreya,Suburb,660,Residential,162000,7,6,0,0,1,0,0,1,0,0,0,0,1,1,0,1,1,1,1,1,1,0,0,0,1,1,0,0,0,1,1
165,Sabah Al Ahmed Al Bahreya,Downtown,660,Residential,172000,5,3,1,1,1,1,1,1,1,0,0,1,0,0,1,0,1,1,1,1,0,1,0,1,1,1,1,1,0,0,0
166,Dasma,Beachfront,400,Residential,485000,4,3,0,0,0,0,1,0,1,1,0,0,0,1,1,0,0,0,0,1,1,0,1,0,1,0,0,0,0,0,0
167,AL-Masayel,Hillside,400,Residential,300000,7,6,0,0,1,0,1,0,1,1,1,0,1,0,0,1,0,0,0,0,0,1,0,1,1,0,0,1,0,0,0
168,Al Khiran,Beachfront,400,Residential,120000,7,7,1,1,1,1,0,1,1,0,0,1,0,1,1,0,0,1,0,0,1,1,0,1,1,1,0,1,0,1,0
169,Funtaitees,Lakeview,375,Residential,243000,5,4,0,0,1,0,0,1,0,0,0,1,0,1,1,1,1,1,0,0,1,1,1,1,1,1,0,1,1,0,0
170,Sabah Al Ahmed Al Bahreya,Suburb,490,Residential,228000,1,7,0,0,1,1,0,1,0,1,0,1,1,1,0,0,1,0,1,1,0,0,1,0,0,0,0,1,0,1,0
171,Sabah Al Ahmed Al Bahreya,Lakeview,1237,Residential,260000,1,1,1,1,1,1,1,0,0,1,0,0,0,0,0,1,0,0,0,1,1,0,0,1,0,1,1,0,0,0,0
172,Sabah Al Ahmed Al Bahreya,Hillside,1237,Residential,260000,1,1,1,1,1,1,1,1,0,1,0,0,0,0,1,1,0,0,1,1,0,0,1,1,0,1,0,0,1,1,0
173,Abu Ftaira,Downtown,400,Residential,300000,7,2,0,0,0,1,0,0,1,1,1,0,0,1,1,0,0,0,1,1,1,0,0,0,1,1,0,1,0,1,1
174,Sabah Al Ahmed Al Bahreya,Suburb,505,Residential,238000,4,7,1,0,0,1,1,1,0,0,1,1,1,1,0,0,1,1,1,0,1,1,0,1,1,0,1,0,1,0,0
175,Sabah Al -Salem,Downtown,875,investment lands,1225000,2,4,0,1,1,1,0,1,1,0,1,1,1,1,1,0,1,1,0,0,1,0,1,1,0,1,0,1,1,1,1
176,Al Khiran,Suburb,400,Residential,122000,5,7,0,0,0,0,0,1,1,0,1,0,0,1,0,0,0,1,0,0,1,0,0,0,1,1,1,0,1,0,1
177,Al Khiran,Beachfront,400,Residential,123000,7,3,1,1,1,0,0,0,0,0,1,1,1,1,0,0,1,0,0,0,0,1,1,1,0,0,1,0,1,1,0
178,Sabah Al Ahmed Al Bahreya,Lakeview,660,Residential,170000,3,6,0,1,0,0,0,1,1,1,1,0,1,1,0,1,1,0,1,1,0,0,0,0,1,1,0,0,1,1,1
179,Sabah Al Ahmed Al Bahreya,Suburb,710,Residential,172000,3,7,0,1,0,0,1,0,0,0,1,1,0,1,0,1,0,1,1,1,0,0,1,1,1,0,1,1,1,1,1
180,Sabah Al Ahmed Al Bahreya,Downtown,540,Residential,247000,3,1,1,0,0,1,1,0,0,1,1,0,1,1,0,1,1,0,0,1,0,1,1,0,1,0,0,0,1,1,1
181,Shuwaikh Industrial,Downtown,987.5,industrial land,840000,4,7,1,1,0,1,1,0,0,1,0,1,0,0,0,0,0,0,0,1,1,1,1,0,1,1,1,0,0,0,1
182,Sabah Al Ahmed Al Bahreya,Beachfront,450,Residential,223000,7,4,0,1,1,1,0,0,0,1,1,1,1,1,0,1,1,1,0,1,0,0,1,0,0,0,1,0,1,0,0
183,Funtaitees,Beachfront,400,Residential,248000,7,4,0,1,0,1,1,1,1,0,1,1,0,0,1,0,0,1,1,0,0,1,0,0,1,0,1,0,0,1,0
184,Funtaitees,Beachfront,400,Residential,248000,2,6,1,0,1,0,0,0,0,1,1,1,1,0,1,0,0,0,0,1,0,0,0,1,0,1,1,0,1,0,0
185,Funtaitees,Downtown,375,Residential,280000,1,4,0,0,0,1,0,0,1,1,1,0,0,0,0,1,0,0,1,1,0,0,1,1,1,1,0,1,1,1,0
186,Funtaitees,Beachfront,375,Residential,280000,7,4,1,0,1,1,0,1,1,0,1,0,1,1,0,1,0,0,1,0,1,1,0,1,1,0,0,0,1,0,0
187,Sabah Al Ahmed Al Bahreya,Beachfront,491,Residential,290000,5,7,0,1,1,1,0,1,1,0,1,0,1,0,1,0,1,1,1,1,1,1,0,1,0,0,0,1,0,1,1
188,Abu Ftaira,Downtown,400,Residential,305000,7,4,0,0,0,0,1,1,1,0,0,1,1,0,0,1,1,0,0,1,1,1,1,1,1,0,1,0,0,0,1
189,Abu Ftaira,Hillside,400,Residential,305000,5,3,0,1,0,1,0,1,1,0,0,0,1,1,0,0,0,1,0,1,1,0,0,0,0,1,1,1,1,1,1
190,AL-Masayel,Lakeview,400,Residential,340000,6,4,1,1,1,0,1,1,0,1,1,0,1,0,1,0,1,1,1,1,1,0,0,1,0,1,1,1,0,1,1
191,AL-Masayel,Beachfront,500,Residential,700000,1,3,0,1,1,1,1,1,1,1,1,0,1,1,1,1,1,1,1,0,0,0,1,1,1,0,0,0,0,1,1
192,Abu Ftaira,Beachfront,400,Residential,250000,2,5,1,1,1,0,1,1,0,0,0,1,1,1,0,0,1,1,1,1,0,1,1,1,1,0,0,1,0,1,1
193,Funtaitees,Lakeview,500,Residential,420000,7,3,0,0,1,0,1,0,1,0,1,0,0,1,0,0,0,0,0,1,1,1,1,0,0,1,0,0,0,0,1
194,Funtaitees,Lakeview,500,Residential,300000,1,4,1,0,1,0,0,0,0,0,0,1,0,1,1,1,1,0,1,0,0,0,1,0,0,1,1,1,1,0,0
195,Funtaitees,Downtown,500,Residential,450000,5,1,1,0,0,0,1,1,0,1,1,0,1,0,0,1,0,1,0,0,0,1,1,1,0,1,1,1,1,1,1
196,Sabah Al Ahmed Al Bahreya,Suburb,465,Residential,259000,6,1,0,1,1,1,1,1,0,1,0,0,1,1,0,1,0,1,1,0,1,0,1,1,1,0,1,0,0,1,1
197,Funtaitees,Lakeview,375,Residential,295000,3,1,0,1,0,1,1,1,0,1,0,0,1,0,1,0,1,1,0,1,0,1,1,1,1,1,0,0,0,1,1
198,AL-Masayel,Suburb,400,Residential,395000,2,6,1,0,1,1,0,1,1,0,1,0,1,0,1,1,1,1,0,1,1,0,0,1,1,0,0,1,1,0,1
199,AL-Masayel,Hillside,400,Residential,405000,3,4,1,1,1,1,0,1,1,1,0,0,1,0,1,1,1,1,0,1,0,0,1,0,0,0,0,1,0,1,0
200,AL-ADAN,Hillside,400,Residential,410000,4,5,0,0,1,1,1,1,0,0,1,0,1,0,0,0,0,0,1,1,1,1,1,1,1,1,0,1,0,0,0
201,DAIYA,Suburb,400,Residential,490000,7,6,1,1,0,1,0,1,1,1,1,1,1,1,0,1,0,1,1,0,1,1,0,1,1,1,0,0,1,1,0
202,Jabriya,Beachfront,400,Residential,285000,1,5,0,0,0,0,0,0,0,0,1,1,1,1,1,1,0,1,0,0,1,1,1,1,0,0,1,1,1,1,1
203,Salmiya,Hillside,850.5,investment lands,1394000,2,2,0,1,0,0,0,0,0,1,1,0,0,1,1,1,1,0,0,1,0,1,1,0,0,1,1,0,1,0,1
204,Funtaitees,Hillside,375,Residential,320000,5,6,0,1,0,0,0,0,0,1,1,0,1,0,0,1,1,0,1,0,0,1,1,0,1,0,1,1,0,0,0
205,QADSIYA,Suburb,500,Residential,460000,4,2,0,0,0,1,0,1,1,0,0,1,0,0,0,0,1,0,1,1,0,0,0,0,1,0,1,0,0,1,1
206,Zahra,Beachfront,600,Residential,492500,5,4,1,1,0,1,1,0,0,0,0,0,1,1,0,0,1,1,0,0,0,1,1,1,1,0,1,1,0,0,1
207,Funtaitees,Beachfront,400,Residential,282000,2,3,1,0,1,0,0,1,0,0,1,0,0,0,0,1,0,1,0,1,1,0,0,1,0,0,0,1,1,1,1
208,KIFAN,Beachfront,250,Residential,300000,5,3,1,1,0,0,1,1,0,1,1,0,0,1,0,1,0,1,1,1,1,1,0,1,0,0,0,1,1,1,0
209,Sabah Al Ahmed Al Bahreya,Lakeview,700,Residential,360000,1,5,1,0,0,1,1,0,1,0,0,0,0,0,1,1,1,1,0,0,1,0,1,1,0,0,0,1,1,0,1
210,Sabah Al Ahmed Al Bahreya,Downtown,620,Residential,355000,7,2,1,1,0,1,0,0,0,1,1,1,0,0,0,0,1,1,0,1,0,1,1,1,0,1,0,1,0,0,1
211,Sabah Al Ahmed Al Bahreya,Beachfront,700,Residential,,6,5,0,1,1,0,0,1,0,0,1,1,1,1,1,0,0,1,0,1,1,1,1,1,0,0,0,0,1,1,1
212,Fnaitees,Hillside,400,Residential,282000,2,4,0,1,0,0,0,0,1,0,1,1,0,1,1,0,1,1,0,1,1,0,0,1,0,1,0,1,0,0,0
213,Sabah Al Ahmed Al Bahreya,Beachfront,536,Residential,115000,2,2,0,0,0,1,1,1,1,1,1,0,0,1,1,0,0,1,1,1,0,1,1,0,1,0,0,1,0,0,1
214,Fnaitees,Suburb,400,Residential,245000,4,3,1,1,0,0,0,1,0,0,1,1,0,0,0,1,1,1,0,1,0,0,0,0,1,0,0,1,0,1,1
215,Fnaitees,Suburb,400,Residential,230000,1,5,0,1,0,0,1,1,0,0,1,0,1,1,1,0,1,1,1,0,1,1,0,1,1,0,0,0,1,0,0
216,Abu Ftaira,Lakeview,500,Residential,255000,6,5,0,1,0,0,1,1,1,1,0,1,1,0,1,1,0,1,1,1,1,0,0,0,1,1,0,0,1,0,0
217,Abu Ftaira,Beachfront,375,Residential,265000,6,3,0,0,0,0,1,1,0,0,1,1,0,0,0,0,0,0,1,1,1,0,1,1,0,0,0,0,1,0,1
218,Mishrif,Hillside,1000,Residential,"1,060,000",3,1,1,1,0,1,1,1,1,0,0,1,1,0,1,0,0,0,0,0,1,1,1,1,0,0,1,1,1,0,0
219,Alfintas,Suburb,2450,Residential,"1,600,000",2,1,0,1,0,1,1,1,0,1,1,0,1,0,1,0,1,0,1,0,1,1,1,1,1,1,0,0,0,0,1
220,Fnaitees,Downtown,400,Residential,315000,7,3,0,1,0,1,1,1,1,1,1,0,0,0,0,1,0,0,0,1,1,0,1,1,0,1,0,1,1,0,0
221,Sabah Al Ahmed Al Bahreya,Hillside,500,Residential,203000,2,2,0,0,1,0,1,0,1,1,1,1,0,0,0,0,1,0,1,0,0,1,0,0,0,1,0,1,0,0,0
222,Zahra,Hillside,600,Residential,530000,1,7,0,0,0,0,0,0,0,0,1,0,0,1,1,0,0,1,1,0,1,1,0,1,0,1,0,1,1,0,0
223,Sabah Al Ahmed Al Bahreya,Beachfront,500,Residential,211000,2,4,0,0,0,1,0,1,0,0,0,0,1,1,0,1,0,0,1,0,0,0,0,0,1,0,0,1,1,0,1
224,Salmiya,Lakeview,1026,Investment building,"3,025,000",6,6,0,1,0,0,1,1,1,1,0,1,1,0,0,1,0,0,0,0,1,1,0,1,0,0,0,0,0,1,1
225,Salmiya,Hillside,1081,Investment building,"3,025,000",7,7,1,0,0,1,0,0,1,1,0,1,1,0,1,1,1,1,1,1,0,1,1,1,1,0,1,0,1,0,1
226,Sabah Al Ahmed Al Bahreya,Hillside,500,Residential,192000,1,6,0,0,0,0,0,0,0,1,1,0,0,0,0,0,0,0,1,1,1,0,1,1,1,1,1,0,0,0,1
227,Fnaitees,Hillside,400,Residential,345000,5,7,1,0,0,0,1,1,0,0,0,1,0,1,0,1,0,1,1,1,0,0,0,0,1,0,0,0,0,1,1
228,Sabah Al Ahmed Al Bahreya,Suburb,495,Residential,220000,4,2,1,1,1,0,0,1,0,0,0,0,0,0,1,0,0,0,1,1,1,1,0,1,0,0,0,0,0,1,1
229,Al Khiran,Suburb,400,Residential,110000,5,4,1,0,0,1,1,0,1,1,0,1,0,1,1,0,0,0,0,1,0,1,1,1,1,0,0,0,0,0,0
230,Dasma,Suburb,500,Residential,550000,1,1,0,1,0,1,1,1,1,1,1,1,1,0,0,1,0,1,1,1,0,1,1,1,1,1,0,1,1,1,0
231,Rumaithiya,Beachfront,375,Residential,390000,7,3,0,1,1,1,1,1,0,0,1,1,0,1,0,0,0,1,0,1,1,1,1,1,0,0,1,1,1,0,0
232,Ardhiya,Hillside,1000,Industrial coupon,"1,200,000",3,6,0,0,0,0,1,1,1,0,0,0,1,1,0,0,0,1,0,0,0,0,0,1,0,0,0,0,1,1,1
233,Sabah Al Ahmed Al Bahreya,Lakeview,500,Residential,195000,7,7,1,1,1,0,1,0,1,1,1,0,1,1,0,0,1,1,1,1,0,0,1,0,0,0,1,0,1,1,1
234,Sabah Al Ahmed Al Bahreya,Beachfront,522,Residential,190000,7,4,0,1,0,0,1,0,1,0,1,0,0,1,0,1,0,0,0,0,1,1,0,0,0,1,1,1,0,0,1
235,Sabah Al Ahmed Al Bahreya,Hillside,522,Residential,200000,1,6,0,1,0,1,1,1,1,0,1,0,1,1,0,0,0,1,0,0,1,1,0,0,1,0,0,1,0,1,1
236,Mansouriya,Lakeview,1000,Residential,"1,200,000",3,6,1,1,1,1,1,1,1,1,0,1,0,0,1,1,1,1,1,0,0,0,1,0,1,0,0,0,1,1,0
237,Sabah Al Ahmed Al Bahreya,Downtown,480,Residential,180000,4,2,0,0,0,0,1,1,1,0,0,1,0,0,0,0,1,1,1,0,1,0,1,0,1,1,0,1,1,1,0
238,Nuzha,Hillside,375,Residential,640000,2,2,1,0,0,0,0,1,0,0,1,1,0,1,1,0,1,0,0,1,1,0,0,1,1,1,0,1,1,1,0
239,Sabah Al Ahmed Al Bahreya,Downtown,490,Residential,193000,3,1,0,1,1,1,0,1,1,1,1,1,0,1,0,1,1,0,1,1,1,0,0,0,0,0,1,1,0,0,0
240,Sabah Al Ahmed Al Bahreya,Hillside,450,Residential,175000,2,5,1,1,1,1,0,0,0,1,1,1,0,0,1,1,1,0,0,0,0,1,0,1,0,0,1,0,0,0,0
241,Sabah Al Ahmed Al Bahreya,Downtown,531,Residential,115000,5,6,0,0,1,0,0,1,1,1,1,0,0,1,1,0,1,1,0,0,0,0,0,1,0,0,1,0,1,1,1
242,Sabah Al Ahmed Al Bahreya,Beachfront,532,Residential,110000,1,2,0,1,0,1,0,0,1,0,0,1,1,1,1,1,0,1,1,0,0,1,0,0,1,1,1,1,1,0,1
243,Fnaitees,Hillside,400,Residential,210000,6,5,0,1,0,0,1,0,1,0,0,0,0,1,0,1,0,1,0,0,0,1,1,1,0,0,0,1,0,1,0
244,Salmiya,Lakeview,769,investment lands,"1,270,000",4,7,1,0,0,1,0,1,0,0,0,1,0,0,0,1,0,0,0,0,0,1,0,1,1,1,0,0,1,1,0
245,Salmiya,Lakeview,775,investment lands,"1,230,000",5,4,0,0,0,0,1,0,0,0,1,0,1,1,1,1,0,1,1,0,0,1,0,0,1,1,1,1,0,0,1
246,Salmiya,Hillside,960,investment lands,"1,500,000",6,1,0,1,1,0,0,0,1,1,0,0,0,1,0,0,1,0,0,0,1,1,0,1,1,0,0,0,0,1,1
247,Sabah Al -Salem,Suburb,1750,investment lands,"2,600,000",3,6,1,1,0,0,1,0,0,0,1,1,1,1,1,0,0,0,0,1,0,0,0,0,0,1,0,0,1,0,1
248,Sabah Al Ahmed Al Bahreya,Suburb,415,Residential,170000,1,1,1,0,0,0,1,1,0,1,1,0,0,1,1,0,0,0,0,1,1,1,1,1,0,0,0,1,1,0,1
249,Sabah Al Ahmed Al Bahreya,Downtown,450,Residential,180000,1,1,1,0,1,1,1,0,0,1,1,1,0,0,0,0,1,1,0,0,0,1,1,1,1,1,1,1,0,0,1
250,Hawalli,Suburb,1247,Commercial building,"6,000,000",7,7,1,1,1,1,0,1,1,0,1,1,1,0,1,1,0,0,0,0,1,0,1,1,0,1,0,0,1,0,0
251,Sabah Al Ahmed Al Bahreya,Downtown,450,Residential,178000,6,5,0,0,0,0,1,0,1,1,1,1,0,1,0,0,1,0,1,1,1,0,1,0,1,1,0,0,1,1,0
252,Shaab,Hillside,400,Residential,"350,000",2,4,1,1,1,0,1,0,1,1,1,0,1,1,1,1,1,0,1,0,1,1,0,0,0,0,1,0,1,0,0
253,Dasma,Lakeview,500,Residential,"360,000",2,5,0,0,1,0,1,1,0,0,0,1,0,0,1,0,1,0,1,1,1,1,0,1,0,1,1,0,0,1,1
254,Jabriya,Beachfront,887,Residential,"600,000",5,4,0,0,0,1,0,1,0,0,1,1,1,0,1,0,0,1,1,0,0,0,0,1,1,1,0,1,1,0,0
255,Shaab,Hillside,400,Residential,"460,000",7,5,0,0,1,1,1,0,1,1,0,1,1,1,1,0,0,1,0,0,0,0,0,1,0,1,0,1,1,1,0
256,Sabah Al Ahmed Al Bahreya,Downtown,622,Residential,"105,000",2,6,1,1,0,1,1,1,1,0,1,0,1,1,1,0,1,1,0,0,0,0,1,0,1,0,1,1,0,0,1
257,Fnaitees,Lakeview,375,Residential,"247,000",2,7,0,0,0,1,1,1,0,0,1,0,1,0,1,0,1,1,0,1,1,1,0,0,1,1,0,1,0,1,0
258,Abu Ftaira,Lakeview,400,Residential,"183,000",4,3,1,0,0,1,0,1,1,0,1,1,1,1,0,1,1,0,0,0,1,0,1,1,1,1,1,0,0,0,0
259,Mishrif,Downtown,750,Residential,"480,000",5,7,0,0,1,0,0,1,0,1,0,0,0,0,1,1,0,0,1,0,1,0,1,0,0,1,0,0,0,0,1
260,Abu Ftaira,Suburb,400,Residential,"193,000",7,1,0,0,1,0,1,0,0,0,0,1,1,1,0,1,0,0,0,1,1,1,1,0,1,1,1,0,1,0,1
261,Sabah Al Ahmed Al Bahreya,Hillside,506,Residential,"165,000",5,7,0,1,1,1,0,1,1,0,1,1,0,0,0,0,0,1,0,0,1,1,1,0,0,1,0,1,1,0,0
262,Sabah Al Ahmed Al Bahreya,Downtown,450,Residential,"159,000",3,1,1,0,1,1,0,0,1,1,0,1,0,0,0,1,0,1,0,0,0,0,1,1,0,0,0,0,1,1,0
263,Salmiya,Lakeview,400,Residential,"315,000",6,5,0,1,0,0,0,1,0,1,1,0,0,0,0,1,0,1,1,0,1,0,1,0,0,1,1,0,1,0,1
264,Sabah Al Ahmed Al Bahreya,Hillside,500,Residential,"175,000",7,7,0,1,0,1,1,1,1,1,1,1,0,1,0,1,1,1,1,0,1,1,0,0,1,0,1,0,0,0,1
265,Jabriya,Hillside,450,Residential,"310,000",2,4,0,1,1,1,0,1,0,0,1,1,0,1,1,0,1,1,1,1,0,1,1,0,0,1,1,1,1,0,1
266,Zahra,Suburb,375,Residential,"485,000",5,6,0,1,0,1,1,0,1,1,1,1,1,1,0,0,1,0,0,0,1,0,1,0,1,0,1,0,1,1,0
267,Fnaitees,Beachfront,400,Residential,"207,000",6,2,1,0,0,1,1,1,0,0,0,1,0,0,1,0,0,0,1,0,0,1,0,1,1,1,1,1,1,1,1
268,Zahra,Lakeview,500,Residential,"620,000",3,3,0,0,1,1,1,0,0,0,0,0,1,1,0,1,1,0,1,1,1,0,1,0,1,0,0,1,1,0,1
269,Fnaitees,Beachfront,375,Residential,"350,000",7,3,0,1,1,1,1,0,1,1,0,0,0,0,1,1,1,0,0,1,0,0,1,0,0,1,1,0,0,1,1
270,Sabah Al Ahmed Al Bahreya,Lakeview,431,Residential,"157,000",3,5,0,0,1,1,1,0,0,0,0,1,0,0,0,1,0,0,1,1,1,0,0,0,0,1,1,1,1,1,1
271,Salmiya,Lakeview,549,investment lands,"1,300,000",5,5,1,0,0,1,0,0,0,0,0,1,0,1,1,1,1,0,1,1,1,1,0,0,1,0,0,1,0,1,1
272,mangaf,Downtown,215,investment lands,"120,000",3,2,0,1,1,0,1,0,0,1,1,1,0,1,1,0,0,0,1,0,1,0,1,0,1,1,0,0,1,1,1
273,Sabah Al Ahmed Al Bahreya,Downtown,480,Residential,"172,000",5,2,1,0,1,0,0,0,0,0,0,0,1,1,0,0,1,1,0,1,1,0,0,1,0,0,1,1,1,0,0
274,Mishrif,Lakeview,750,Residential,"450,000",6,4,1,1,1,0,1,0,1,0,1,1,0,0,1,1,1,1,1,1,0,0,1,1,0,1,0,0,1,1,1
275,Abu Ftaira,Downtown,375,Residential,"240,000",7,4,1,0,1,0,1,1,0,1,0,0,0,0,0,1,0,0,0,0,0,0,1,0,1,0,0,0,1,0,1
276,Sabah Al Ahmed Al Bahreya,Beachfront,651,Residential,"195,000",4,1,1,0,1,0,1,0,1,0,1,0,0,1,0,1,1,0,1,0,1,1,1,1,0,1,0,0,1,0,0
277,salwa,Hillside,900,Residential,"430,000",3,1,1,0,1,0,0,1,0,0,0,1,0,1,1,1,1,1,1,0,1,0,1,1,0,1,1,0,0,1,0
278,Sabah Al Ahmed Al Bahreya,Downtown,640,Residential,"104,000",5,1,1,1,1,0,1,1,1,1,1,1,1,0,1,1,1,0,0,1,1,1,0,0,0,1,1,0,0,0,1
279,al-ardiya6,Downtown,1000,industrial land,"1,225,000",3,1,0,1,1,1,1,0,0,0,0,0,1,0,0,0,0,1,1,1,1,0,1,1,1,1,0,0,0,0,0
280,Abu Ftaira,Lakeview,400,Residential,"220,000",7,6,1,1,1,1,0,0,1,0,1,1,1,1,0,0,1,0,0,0,1,0,0,0,1,0,1,1,1,0,1
281,Sabah Al Ahmed Al Bahreya,Suburb,450,Residential,"168,000",7,1,0,1,0,1,0,0,0,0,0,1,0,0,1,0,0,1,0,1,1,0,1,0,1,0,0,0,0,1,0
282,Dasma,Downtown,325,Residential,"295,000",5,3,1,1,0,0,0,0,0,0,1,0,1,1,0,0,0,1,1,1,0,0,1,1,1,0,1,0,0,1,1
283,Sabah Al Ahmed Al Bahreya,Lakeview,465,Residential,115000,6,4,0,0,1,0,0,0,0,1,0,0,0,1,0,0,0,1,0,0,1,1,0,1,0,1,1,1,1,1,1
284,al-ardiya6,Beachfront,1000,industrial land,"1,225,000",3,3,1,0,1,1,0,0,1,1,0,0,0,1,0,0,1,0,1,1,0,1,1,1,0,1,1,0,1,1,0
285,sabah Al Salem,Hillside,141.54,investment lands,134000,5,2,1,1,0,1,0,0,1,1,1,0,0,1,0,0,1,1,1,0,1,1,1,0,0,1,0,0,1,0,0
286,Jaber Al-Ali,Downtown,392,Residential,315000,4,3,0,0,0,1,1,1,0,0,0,1,1,1,1,1,1,1,0,0,1,1,1,0,0,1,0,0,0,0,1
287,Fnaitees,Suburb,400,Residential,215000,6,4,1,1,1,0,1,1,1,1,1,0,0,0,0,1,1,1,1,0,1,1,1,1,0,1,1,1,0,1,1
288,Fnaitees,Suburb,400,Residential,280000,6,2,0,1,0,1,1,1,1,1,0,0,0,0,1,0,0,0,0,0,1,1,1,1,1,0,1,0,1,0,1
289,Abu Ftaira,Hillside,375,Residential,260000,3,1,1,1,0,1,0,1,1,0,0,0,0,1,0,1,1,0,1,1,0,0,1,0,0,1,0,0,1,1,1
290,Sabah Al Ahmed Al Bahreya,Beachfront,640,Residential,95000,5,6,1,1,1,0,1,0,0,0,1,1,1,1,0,0,0,0,1,1,1,1,0,0,1,0,1,1,0,0,0
291,Sabah Al Ahmed Al Bahreya,Suburb,640,Residential,230000,3,1,1,1,1,0,0,1,0,1,0,0,0,0,0,0,0,0,0,0,1,1,1,1,0,1,0,1,1,0,1
292,Abu Ftaira,Lakeview,375,Residential,279000,3,1,1,0,0,1,0,1,0,1,1,0,1,1,1,1,1,0,1,0,1,1,0,1,0,1,0,1,1,1,1
293,Fnaitees,Beachfront,500,Residential,370000,7,5,0,1,1,0,1,1,1,0,0,0,0,1,0,0,1,1,0,0,1,0,1,0,1,0,1,1,0,1,1
294,Sabah Al Ahmed Al Bahreya,Beachfront,740,Residential,195000,7,7,0,0,1,1,1,0,0,1,0,1,1,1,0,0,1,1,0,0,1,1,0,0,0,1,1,0,0,0,0
295,Sabah Al Ahmed Al Bahreya,Downtown,450,Residential,160000,7,3,1,1,0,1,0,1,0,0,0,1,1,0,1,1,1,1,1,1,0,0,0,1,0,1,0,0,0,0,0
296,Dasma,Downtown,325,Residential,365000,7,4,0,0,0,0,1,1,1,1,1,0,1,1,0,0,1,1,0,0,0,0,1,0,1,1,1,1,0,0,0
297,Fnaitees,Hillside,500,Residential,305000,3,4,1,1,0,0,0,1,0,0,1,1,0,0,0,1,1,1,0,0,1,0,0,1,1,1,1,0,1,0,1
298,Farwaniya,Beachfront,500,Commercial building,2000000,1,3,0,0,0,0,0,1,1,0,0,1,1,1,0,1,0,0,1,0,1,1,0,0,1,1,0,1,0,1,1
299,AL-Masayel,Downtown,500,Residential,370000,2,3,0,0,1,0,1,0,0,0,1,1,1,0,0,1,0,0,0,0,0,0,1,0,0,1,0,1,0,0,1
300,AL-Masayel,Downtown,500,Residential,370000,5,5,1,1,1,1,1,1,0,1,1,0,1,0,0,1,1,1,1,1,1,1,1,0,0,0,1,0,0,0,1
301,Abu Ftaira,Hillside,400,Residential,211000,1,7,0,1,1,1,1,1,0,0,0,1,1,0,1,1,1,1,1,0,1,0,1,0,0,1,1,1,1,0,1
302,Abu Ftaira,Downtown,400,Residential,211000,5,2,1,0,0,0,1,0,1,1,1,1,0,1,1,0,0,0,0,1,1,0,1,1,1,0,0,0,0,1,1
303,Fnaitees,Lakeview,400,Residential,530000,3,7,1,0,1,1,0,1,0,0,0,0,1,1,1,1,1,0,1,1,1,1,0,0,0,0,1,1,0,1,0
304,AL-Masayel,Beachfront,500,Residential,380000,1,7,0,0,0,1,1,0,0,1,0,1,0,1,1,0,0,1,1,1,0,1,1,0,0,1,0,1,1,0,1
305,AL-Masayel,Hillside,500,Residential,410000,6,5,0,0,1,1,0,1,0,0,0,0,0,1,1,1,0,0,0,0,0,0,1,1,1,0,1,1,0,1,1
306,Sabah Al Ahmed Al Bahreya,Downtown,510,Residential,177000,5,6,1,0,0,1,0,0,0,1,0,1,1,1,0,0,1,0,0,1,0,1,1,1,1,0,1,1,1,1,0
307,AL-Masayel,Downtown,500,Residential,400000,6,6,0,1,1,1,0,1,0,0,0,1,1,0,1,0,1,1,0,1,0,1,1,1,1,0,1,1,0,1,1
308,Sabah Al Ahmed Al Bahreya,Beachfront,495,Residential,180000,2,6,1,1,0,0,1,0,1,1,1,1,1,1,0,1,0,0,1,0,0,0,1,0,0,0,1,1,0,1,1
309,AL-Masayel,Beachfront,500,Residential,330000,2,5,1,1,0,1,1,1,1,1,0,1,1,1,1,1,1,1,0,1,0,1,1,0,1,0,1,1,0,1,1
310,AL-Masayel,Lakeview,400,Residential,240000,4,3,0,1,0,0,1,0,0,0,1,0,1,0,0,1,0,1,0,0,0,1,0,1,0,1,1,1,1,1,0
311,AL-Masayel,Hillside,400,Residential,240000,2,2,1,1,0,0,0,0,1,0,1,0,0,0,1,1,1,0,1,0,1,1,1,1,0,0,0,1,0,1,0
312,mangaf,Hillside,400,Residential,310000,7,5,1,1,1,1,0,0,0,0,0,0,1,0,1,0,1,1,0,1,1,1,1,0,0,0,0,1,0,1,0
313,Fnaitees,Lakeview,400,Residential,235000,1,4,1,0,0,1,1,1,0,0,0,0,0,1,1,0,0,0,1,0,1,1,0,0,1,0,0,1,0,0,1
314,AL-Masayel,Downtown,500,Residential,300000,7,2,0,1,1,1,0,1,0,1,0,1,0,1,0,0,0,1,0,0,1,1,1,1,0,0,1,1,0,0,1
315,Al-Fintas,Beachfront,207,investment lands,170000,7,6,1,0,1,0,0,0,0,1,0,1,1,0,1,1,0,1,0,0,0,0,1,0,0,0,1,0,0,0,0
316,AL-Masayel,Suburb,500,Residential,280000,5,4,1,0,0,1,1,0,0,0,0,1,1,1,1,1,0,0,1,0,1,1,1,0,1,0,0,0,0,0,1
317,Rumaithiya,Downtown,"487,5",Residential,335000,2,5,0,1,1,1,0,0,0,0,0,0,0,1,0,0,1,0,0,0,1,1,0,0,1,0,1,1,0,1,0
318,Sabah Al Ahmed Al Bahreya,Suburb,641,Residential,115000,5,2,1,0,1,0,1,1,1,1,0,0,1,0,1,1,0,0,1,1,0,1,0,1,1,1,1,0,0,0,0
319,Fnaitees,Beachfront,400,Residential,248000,7,7,0,0,1,1,1,0,0,0,0,1,0,1,0,0,1,0,1,1,1,1,0,0,1,0,1,1,0,0,1
320,Dasma,Beachfront,500,Residential,410000,2,1,0,0,1,1,0,0,0,1,1,0,1,1,1,0,1,1,1,0,1,0,0,1,0,1,1,0,1,0,1
321,Fnaitees,Suburb,375,Residential,280000,4,3,0,1,0,1,0,0,1,1,0,1,0,0,1,0,0,1,0,1,0,1,0,1,1,0,0,0,1,0,0
322,Sabah Al Ahmed Al Bahreya,Beachfront,536.5,Residential,95000,4,1,0,0,0,0,0,1,0,0,0,1,0,1,1,0,0,0,0,0,1,0,0,1,1,1,1,1,0,1,0
323,Salmiya,Hillside,2050,investment lands,3630000,4,2,1,0,1,1,0,0,0,1,0,1,0,0,1,0,1,1,0,1,1,0,0,1,1,0,0,1,1,0,1
324,Fnaitees,Beachfront,1500,Residential,1065000,2,7,0,1,0,1,1,0,1,1,0,1,0,0,1,1,0,1,1,0,0,0,0,1,1,1,1,1,0,1,0
325,Mishrif,Downtown,400,Residential,370000,1,6,1,0,1,1,1,1,1,1,0,0,1,0,0,0,0,0,1,0,0,0,1,0,1,1,0,0,0,0,0
326,AL-Masayel,Downtown,375,Residential,245000,3,1,0,1,0,0,0,1,1,0,0,0,0,1,0,1,1,1,0,1,0,1,1,1,1,0,0,0,1,1,1
327,Rumaithiya,Beachfront,1000,Residential,590000,1,1,0,1,0,0,1,0,1,0,1,1,1,0,0,0,1,0,1,1,1,1,0,0,1,0,0,0,1,0,1
328,Abu Ftaira,Downtown,400,Residential,245000,5,5,0,1,0,0,0,1,1,1,1,1,1,1,1,1,0,0,1,0,0,1,1,1,1,0,0,0,1,1,1
329,Shuwaikh Industrial,Hillside,1000,Industrial,790000,5,2,0,0,1,1,1,1,0,0,1,1,1,0,0,0,0,1,0,0,0,0,0,1,1,0,0,1,1,0,0
330,AL-Masayel,Downtown,400,Residential,255000,2,4,0,1,0,1,1,1,1,1,0,0,1,1,1,1,0,0,0,1,1,1,0,0,1,0,1,1,0,0,0
331,Fnaitees,Suburb,400,Residential,250000,4,2,0,0,1,1,0,1,0,1,1,0,1,1,1,0,0,0,0,0,0,0,1,1,0,0,1,0,0,0,0
332,Fnaitees,Downtown,500,Residential,280000,3,6,1,1,0,1,1,1,0,1,1,0,1,1,1,1,0,0,1,1,0,0,0,0,0,0,0,0,0,0,1
333,Sabah Al Ahmed Al Bahreya,Downtown,450,Residential,160000,6,4,1,1,1,0,0,0,1,1,0,0,0,1,0,1,0,0,0,0,1,1,0,0,0,0,0,1,0,1,0
334,Salmiya,Downtown,1168,investment lands,3400000,2,1,1,0,0,1,0,1,1,0,0,0,0,1,0,1,0,0,1,1,1,0,0,1,1,0,0,1,0,1,0
335,Fnaitees,Lakeview,400,Residential,255000,3,2,1,1,0,1,1,1,0,1,0,0,0,0,1,0,1,0,0,0,0,0,1,1,0,0,0,0,0,0,1
336,Abu Ftaira,Suburb,500,Residential,265000,4,5,1,0,1,0,1,1,1,1,0,1,0,1,0,0,0,0,0,0,0,0,1,1,0,0,1,1,0,1,1
337,Nuzha,Lakeview,1000,Residential,1350000,7,6,1,0,0,1,0,0,1,0,0,0,1,0,1,0,0,0,1,1,0,1,0,1,1,1,0,1,1,1,1
338,Fnaitees,Hillside,375,Residential,289000,7,7,1,1,1,1,1,1,0,0,1,1,1,0,1,0,1,1,0,0,1,1,0,0,0,1,1,1,0,1,0
339,Fnaitees,Hillside,375,Residential,289000,6,7,0,1,0,1,0,1,1,0,1,1,0,1,1,0,0,1,0,1,0,0,1,1,1,1,0,1,0,0,1
340,Rumaithiya,Beachfront,375,Residential,600000,5,3,0,0,0,1,0,1,0,1,1,0,0,1,0,1,1,1,1,1,1,1,1,1,1,1,0,1,1,1,1
341,Fnaitees,Suburb,375,Residential,289000,4,6,1,1,1,0,0,1,1,0,0,1,1,1,1,0,1,0,1,0,0,1,1,1,0,0,1,0,0,1,1
342,AL-Masayel,Suburb,375,Residential,245000,4,5,1,1,1,0,1,0,1,1,0,1,0,1,1,0,1,1,0,0,0,0,1,1,1,0,0,1,0,0,0
343,Abu Ftaira,Lakeview,400,Residential,240000,1,2,1,0,0,1,1,0,1,0,1,0,1,0,1,1,1,0,0,0,1,1,1,0,0,0,0,0,1,1,0
344,Fnaitees,Beachfront,375,Residential,289000,2,5,1,0,0,1,1,0,1,1,0,0,1,0,0,1,0,1,1,0,1,0,1,1,1,0,0,0,0,0,0
345,AL-SIDDIQ,Hillside,500,Residential,390000,5,2,0,1,1,0,1,1,1,0,0,1,0,1,1,1,1,1,1,1,1,0,0,1,0,0,1,0,1,1,1
346,Sabah Al Ahmed Al Bahreya,Beachfront,1344,Residential,228480,7,1,1,1,1,1,1,0,1,0,1,1,1,1,1,1,0,0,0,1,0,1,1,1,1,1,1,1,1,0,1
347,YARMOUK,Hillside,497.5,Residential,650000,7,3,1,1,1,1,1,1,1,0,1,0,1,0,0,1,1,1,0,1,1,1,0,1,0,0,0,0,0,0,1
348,DAIYA,Lakeview,500,Residential,405000,7,7,0,1,1,1,0,1,0,0,0,1,0,1,1,1,0,1,1,0,1,1,1,0,1,0,0,1,1,1,0
349,QADSIYA,Suburb,500,Residential,495000,6,4,1,0,1,1,0,0,0,1,1,0,1,1,1,1,1,1,1,0,1,1,0,0,1,0,1,1,1,1,0
350,Fnaitees,Downtown,400,Residential,260000,1,4,1,0,0,1,1,1,0,0,1,1,1,1,0,1,0,1,0,0,0,1,1,0,0,1,1,1,0,0,1
351,Fnaitees,Lakeview,400,Residential,240000,6,2,0,0,1,1,1,0,0,0,1,1,1,0,0,1,1,1,1,1,0,0,0,0,1,1,0,1,0,1,0
352,ARDHIYA HERAFIYA,Lakeview,1000,industrial land,1275000,6,4,0,0,0,1,1,0,1,1,0,1,0,0,0,1,1,1,0,1,0,0,0,0,1,0,0,0,0,0,0
353,AL-SIDDIQ,Suburb,500,Residential,420000,6,4,0,1,1,0,0,0,1,1,0,1,1,0,1,1,0,0,0,0,0,1,1,1,1,0,1,1,0,0,0
354,al-ardiya6,Suburb,1000,industrial land,1250000,4,2,1,0,0,1,1,1,0,0,1,0,1,1,0,1,0,1,1,0,0,0,0,0,1,1,0,1,1,1,1
355,OMARIYA,Hillside,600,Residential,380000,2,6,0,1,1,0,1,0,1,1,0,0,0,1,1,1,0,1,0,1,0,1,0,1,0,1,0,1,1,1,0
356,Sabah Al -Salem,Downtown,233,investment lands,148000,6,2,0,1,1,0,0,0,0,1,1,1,0,0,1,0,1,0,0,1,1,1,0,0,0,1,1,1,0,1,1
357,Dasma,Downtown,376,Residential,410000,1,3,1,0,0,1,0,1,1,1,0,1,1,1,1,0,1,1,0,0,0,1,0,0,0,0,0,1,1,0,0
358,Fnaitees,Beachfront,400,Residential,255000,3,5,1,0,0,0,0,1,0,1,0,1,0,1,1,1,1,0,0,0,1,0,0,1,1,1,1,0,1,0,0
359,Fnaitees,Beachfront,400,Residential,279000,5,6,1,1,1,0,1,1,0,1,0,1,0,1,1,1,1,1,1,1,0,1,1,1,0,1,0,0,0,0,1
360,DAIYA,Suburb,500,Residential,425000,7,2,0,1,1,1,1,1,1,1,1,0,0,0,0,1,0,0,1,1,1,0,1,0,1,0,0,0,0,0,0
361,AL-Masayel,Beachfront,400,Residential,275000,2,1,0,1,0,0,0,1,1,0,0,1,0,1,1,0,0,1,0,1,0,0,1,0,1,0,1,0,0,1,0
362,DAIYA,Downtown,500,Residential,440000,6,2,1,1,1,1,0,1,0,1,0,0,1,0,0,1,1,1,1,1,0,1,1,0,0,1,1,1,1,1,0
363,RAI,Lakeview,1000,industrial land,900000,4,7,1,0,1,1,0,1,0,1,1,0,0,0,0,1,0,1,1,1,1,1,0,0,0,0,0,1,1,0,1
364,Dasma,Lakeview,376,Residential,440000,4,2,1,1,1,1,1,0,1,0,0,0,1,0,0,0,1,0,1,1,0,1,0,0,0,0,1,1,0,0,1
365,OMARIYA,Hillside,600,Residential,410000,6,2,1,1,1,1,0,1,1,0,0,1,0,0,1,0,1,1,0,1,0,0,1,0,0,1,1,1,0,0,1
366,SALWA,Downtown,464,Residential,380000,1,7,1,0,1,1,1,0,0,1,1,0,1,0,0,0,0,0,1,0,1,0,0,1,1,0,0,0,0,1,1
367,AL-Masayel,Hillside,500,Residential,430000,3,1,1,0,0,0,1,0,1,1,1,0,0,1,1,1,1,1,0,1,1,1,0,1,0,0,1,0,0,0,0
368,RAI,Beachfront,1000,industrial land,940000,3,1,0,0,0,0,0,1,0,1,0,1,0,1,0,1,1,1,0,0,1,0,0,0,0,0,0,1,0,0,1
369,BAYAN,Suburb,750,Residential,420000,3,3,0,1,0,0,1,0,0,1,0,0,1,1,0,0,0,1,1,0,1,0,1,0,0,0,1,0,0,1,0
370,Fnaitees,Hillside,375,Residential,320000,1,3,0,0,1,1,1,1,1,1,1,1,0,0,0,0,1,1,0,0,0,0,0,0,0,1,1,0,1,0,0
371,Abu Ftaira,Lakeview,400,Residential,250000,1,1,1,1,0,1,0,1,1,1,1,1,0,0,0,1,1,1,0,1,1,1,0,1,0,0,1,1,1,0,1
372,HITTEEN,Downtown,500,Residential,515000,3,6,1,1,1,0,0,0,0,1,0,1,0,0,1,1,0,0,1,0,0,0,1,0,0,0,0,1,0,0,1
373,AL-Masayel,Downtown,500,Residential,330000,3,7,0,1,1,1,0,0,0,0,0,0,0,0,0,1,0,0,0,1,0,1,0,0,0,1,1,0,0,0,1
374,Sabah Al Ahmed Al Bahreya,Hillside,533,Residential,210000,5,4,0,0,0,0,1,0,1,1,1,1,1,0,0,1,0,0,1,0,1,0,0,1,0,1,1,0,0,1,1
375,SALAM,Lakeview,500,Residential,650000,4,5,0,0,0,1,0,0,1,1,1,0,0,0,0,0,1,1,1,1,0,0,0,1,0,0,1,0,1,0,1
376,Fnaitees,Hillside,400,Residential,335000,6,3,1,0,0,0,0,0,0,1,0,1,1,1,1,1,1,1,1,0,1,0,1,0,0,1,0,1,1,1,0
377,Shaab,Downtown,1000,Residential,1050000,1,2,1,1,0,0,0,1,1,0,1,0,1,1,1,0,0,1,1,0,1,0,1,1,1,0,0,1,0,1,0
378,SURRA,Lakeview,750,Residential,525000,7,1,0,1,1,1,1,1,1,0,1,0,0,1,0,1,1,1,1,1,1,0,0,1,1,0,1,0,0,1,0
379,BNAID AL-QAR,Downtown,1050,investment lands,1650000,1,5,0,0,0,1,0,1,1,0,1,1,1,0,1,1,0,0,0,1,1,0,0,1,0,0,1,0,1,1,0
380,Abu Ftaira,Downtown,500,Residential,290000,3,3,0,1,0,0,1,0,1,1,0,0,0,0,1,0,1,1,0,1,1,0,1,1,1,1,0,0,0,0,0
381,HITTEEN,Downtown,500,Residential,550000,5,3,1,0,1,1,1,0,0,0,0,1,1,1,0,0,0,1,0,1,1,1,1,1,1,1,1,0,1,1,1
382,MANSouriya,Suburb,1000,Residential,950000,1,7,1,1,0,1,1,1,1,1,0,1,0,1,1,0,0,1,0,1,1,1,0,1,1,0,0,1,1,0,1
383,AL-SIDDIQ,Downtown,400,Residential,580000,4,7,0,1,0,0,1,0,0,1,0,0,0,0,1,1,1,0,1,1,0,1,0,0,0,0,0,0,0,0,0
384,BAYAN,Lakeview,500,Residential,410000,6,6,0,1,1,0,0,1,0,1,0,1,0,0,0,0,0,1,0,1,0,0,0,0,0,0,0,0,1,0,1
385,Hawalli,Downtown,752,investment lands,1125000,7,2,0,0,1,1,1,0,1,1,1,0,0,1,0,1,1,0,0,1,1,1,0,0,1,1,0,1,1,0,1
386,Sabah Al -Salem,Suburb,1000+1000,investment lands,3000000,4,3,1,0,0,1,0,1,0,0,0,1,1,0,1,1,1,1,1,1,1,0,1,1,1,0,0,1,0,1,0
387,SHUHADA,Beachfront,500,Residential,650000,6,7,1,0,0,1,1,1,1,1,0,0,0,1,1,1,1,0,0,1,0,1,1,1,1,1,1,0,1,0,0
388,Shaab,Downtown,400,Residential,395000,5,2,1,1,0,0,1,1,0,0,1,1,1,0,0,0,1,1,0,1,1,1,1,1,1,0,0,1,0,0,0
389,Rumaithiya,Downtown,1000,Residential,540000,4,5,1,1,0,0,1,1,0,0,0,1,1,0,0,0,1,1,1,1,0,1,0,0,1,0,0,1,0,0,0
390,Nuzha,Suburb,750,Residential,1100000,7,2,1,0,0,0,1,0,1,1,1,1,1,0,0,1,0,0,0,1,1,0,1,1,0,1,1,0,1,0,0
391,MUBARAK AL-KABEER,Suburb,400,Residential,273000,5,6,0,1,0,0,1,0,1,1,1,0,1,1,0,1,1,0,0,0,0,0,1,1,0,0,0,1,1,0,0
392,Mishrif,Suburb,400,Residential,600000,7,4,0,1,0,0,0,0,0,0,0,0,1,0,1,1,1,0,1,0,1,1,0,0,0,1,0,1,1,1,1
393,BNAID AL-QAR,Lakeview,147,investment lands,168000,5,3,0,0,1,1,0,0,1,0,0,0,1,0,1,1,0,1,1,0,1,1,0,1,1,0,0,1,1,0,1
394,AL-SIDDIQ,Suburb,375,Residential,750000,1,3,1,1,1,1,0,1,1,0,0,1,1,1,1,0,1,1,0,1,1,1,0,1,1,1,0,0,1,0,1
395,KHIRAN CITY,Hillside,400,Residential,95000,4,4,1,0,0,1,1,1,0,1,0,0,1,1,0,1,0,0,0,1,0,0,1,1,0,1,0,0,0,0,1
396,SUBHAN INDUSTRIAL,Downtown,5000,industrial land,2200000,2,5,0,0,0,1,1,1,0,1,0,0,0,1,1,1,1,1,0,1,0,1,1,1,1,1,1,0,0,0,1
397,Shaab,Hillside,500,Residential,630000,4,4,1,1,0,0,0,1,1,0,1,1,0,0,0,1,1,0,0,1,0,0,0,0,0,1,0,0,1,1,1
398,JABER AL-AHMED,Beachfront,400,Residential,300000,1,2,1,1,0,1,0,1,0,1,1,0,1,1,0,0,1,1,1,1,0,0,0,0,0,0,0,0,1,1,0
399,Sabah Al Ahmed Al Bahreya,Downtown,450,Residential,166000,4,2,0,0,1,0,0,0,0,0,1,0,0,1,0,1,0,0,1,0,1,1,0,0,1,0,0,1,0,0,1
400,Mansouriya,Hillside,750,Residential,900000,5,7,1,1,1,1,0,0,1,1,1,0,0,1,1,1,1,1,0,0,1,1,0,1,0,0,0,0,0,0,0
401,Rumaithiya,Lakeview,400,Residential,315000,2,5,0,1,0,0,0,0,0,0,0,0,1,1,0,1,0,1,0,0,0,0,0,0,0,1,0,0,0,0,1
402,Abu Ftaira,Beachfront,400,Residential,350000,4,3,1,0,0,1,1,1,1,0,1,1,1,1,1,0,0,0,0,1,0,1,0,0,1,1,0,1,1,0,1
403,Abu Ftaira,Downtown,400,Residential,315000,1,4,0,1,0,1,1,1,0,1,0,0,0,1,1,1,0,0,0,0,0,1,0,1,0,1,0,0,1,0,0
404,Shaab,Downtown,500,Residential,550000,5,2,1,0,0,1,0,0,1,0,1,1,1,0,1,1,0,0,0,1,0,1,1,0,1,0,1,1,0,1,0
405,Sabah Al Ahmed Al Bahreya,Downtown,450,Residential,166500,3,4,1,0,1,1,0,1,1,0,1,0,1,0,1,1,1,1,0,1,1,1,0,0,1,0,0,1,1,0,1
406,Sabah Al Ahmed Al Bahreya,Hillside,450,Residential,163000,2,5,1,0,1,1,0,0,1,0,1,0,1,0,1,0,0,1,0,0,1,1,1,1,0,1,1,1,0,1,1
407,Sabah Al Ahmed Al Bahreya,Suburb,464,Residential,165000,1,5,0,1,0,1,1,1,0,1,1,0,0,1,1,0,1,1,0,1,0,1,1,0,1,1,1,1,1,1,1
408,Sabah Al Ahmed Al Bahreya,Suburb,450,Residential,165000,2,2,1,0,0,1,1,1,0,0,0,0,1,0,0,1,0,1,0,0,0,0,1,1,1,1,0,0,0,0,0
409,Sabah Al Ahmed Al Bahreya,Beachfront,1588,Residential,250000,4,4,1,1,1,1,1,1,0,1,1,1,1,1,0,0,1,1,0,0,0,1,1,1,0,0,0,1,0,1,1
410,Sabah Al Ahmed Al Bahreya,Lakeview,450,Residential,176000,4,7,0,0,0,1,0,1,1,1,0,1,0,0,1,1,0,0,1,0,0,0,1,0,1,0,0,0,1,1,0
411,Sabah Al Ahmed Al Bahreya,Beachfront,1218,Residential,217500,4,1,1,1,0,0,1,0,0,0,0,0,1,1,0,1,0,0,1,1,1,1,1,0,1,0,1,0,0,1,0
412,Sabah Al Ahmed Al Bahreya,Beachfront,1222,Residential,217500,6,5,0,0,0,1,0,1,0,0,0,1,1,1,0,1,1,0,0,1,0,1,0,0,1,1,0,1,1,1,0
413,Sabah Al Ahmed Al Bahreya,Lakeview,534,Residential,205000,4,6,1,0,1,1,1,1,1,0,1,0,0,0,1,1,0,1,0,0,1,1,1,1,1,1,0,1,1,0,1
414,AL-Masayel,Downtown,500,Residential,350000,3,6,0,0,1,0,1,1,0,0,0,0,0,0,1,1,0,0,0,1,1,0,0,0,0,1,1,1,1,1,0
415,KHIRAN CITY,Lakeview,1210,Residential,225000,3,4,1,1,0,1,0,1,1,1,0,0,0,1,1,0,0,1,1,0,0,1,1,0,0,0,1,0,1,1,1
416,Fnaitees,Hillside,400,Residential,294000,6,5,1,0,1,1,0,1,0,0,0,1,0,0,0,1,1,1,0,0,0,0,1,1,1,1,0,0,0,0,1
417,Abu Ftaira,Lakeview,400,Residential,350000,1,2,0,0,1,1,0,1,1,1,0,1,0,1,1,0,1,1,0,1,0,0,1,0,1,1,1,0,0,0,1
418,Sabah Al Ahmed Al Bahreya,Lakeview,500,Residential,175000,7,5,1,0,1,0,0,0,0,1,1,0,0,1,1,0,0,1,1,0,0,1,0,1,1,0,1,0,1,1,0
419,RAWDA,Suburb,750,Residential,725000,3,3,1,1,1,0,0,1,0,0,1,1,0,1,1,1,1,0,0,1,1,0,0,0,0,1,0,1,1,0,0
420,Mishrif,Downtown,750,Residential,520000,6,4,1,1,0,0,0,0,0,0,1,1,1,0,0,0,1,1,0,0,0,1,1,1,1,1,1,0,1,0,1
421,Sabah Al Ahmed Al Bahreya,Beachfront,640,Residential,135000,5,6,1,1,0,1,1,0,0,1,1,1,0,1,0,0,1,1,0,1,0,0,0,0,0,1,0,0,0,0,1
422,Sabah Al Ahmed Al Bahreya,Beachfront,450,Residential,180000,5,7,0,1,0,1,0,0,0,0,1,0,1,1,0,0,1,0,1,0,0,0,1,1,1,1,0,1,1,1,0
423,RIQQA,Lakeview,406,Residential,248000,4,6,0,1,0,1,0,1,1,1,0,1,0,1,0,1,1,1,0,1,0,0,1,0,0,0,0,1,1,0,0
424,Sabah Al Ahmed Al Bahreya,Lakeview,514,Residential,185000,4,4,1,1,1,0,0,1,0,1,0,0,1,0,0,0,0,0,1,1,1,1,0,1,1,1,1,1,0,1,1
425,Sabah Al Ahmed Al Bahreya,Beachfront,573,Residential,195000,4,2,1,1,0,1,0,0,0,0,1,1,1,0,0,0,0,0,0,0,0,0,1,1,1,1,1,0,1,1,1
426,Sabah Al Ahmed Al Bahreya,Lakeview,455,Residential,185000,3,6,1,0,0,1,0,0,1,1,0,0,0,1,1,1,0,0,1,0,0,0,1,1,1,0,1,1,1,1,1
427,Sabah Al Ahmed Al Bahreya,Beachfront,455,Residential,185000,5,5,1,0,1,1,0,0,1,0,1,1,1,1,0,0,1,1,0,0,1,0,1,1,0,1,0,1,0,0,0
428,Sabah Al Ahmed Al Bahreya,Suburb,455,Residential,185000,6,5,0,0,0,0,0,0,0,0,1,1,0,0,1,0,1,1,0,1,0,0,0,1,1,0,1,1,0,0,0
429,Sabah Al Ahmed Al Bahreya,Beachfront,647,Residential,220000,1,7,0,0,0,0,0,1,1,1,1,0,1,1,0,1,0,1,0,0,1,0,0,1,0,1,0,0,1,1,0
430,Dasma,Hillside,400,Residential,400000,7,5,0,1,0,1,1,0,0,0,0,1,1,0,1,1,0,1,0,1,1,0,0,0,0,0,1,0,1,0,0
431,MANSouriya,Downtown,1000,Residential,1200000,6,6,1,0,0,0,0,1,0,0,0,1,0,0,0,0,1,1,1,0,1,0,1,1,0,1,0,1,1,0,0
432,Sabah Al Ahmed Al Bahreya,Beachfront,610,Residential,200000,3,5,0,1,1,0,1,0,1,1,1,1,0,0,1,1,1,0,1,0,1,0,1,1,0,0,0,1,0,0,1
433,FAIHA,Suburb,400,Residential,440000,3,5,0,0,1,0,1,0,0,0,1,1,0,0,0,1,1,1,0,0,0,1,0,0,0,1,1,1,1,1,0
434,RIQQA,Lakeview,400,Residential,246000,4,2,1,0,1,0,1,0,1,1,0,1,1,1,1,1,0,0,1,1,0,1,0,1,1,0,0,1,0,0,0
435,Sabah Al Ahmed Al Bahreya,Beachfront,409,Residential,180000,5,6,1,0,0,1,1,1,0,0,1,1,0,0,1,1,1,0,1,1,0,0,1,0,0,1,0,1,0,0,1
436,Sabah Al Ahmed Al Bahreya,Hillside,450,Residential,185000,1,4,1,0,1,0,0,1,0,1,0,0,0,1,1,0,1,1,1,0,1,0,1,1,0,0,0,0,1,1,1
437,Sabah Al Ahmed Al Bahreya,Suburb,450,Residential,185000,3,4,0,0,0,1,0,0,0,0,0,0,0,0,0,0,1,0,1,0,1,0,1,0,1,1,1,1,1,1,0
438,Sabah Al Ahmed Al Bahreya,Downtown,640,Residential,140000,1,3,0,1,1,0,1,0,0,0,0,1,0,1,0,1,0,1,1,1,1,1,1,0,1,1,1,0,1,1,1
439,mangaf,Lakeview,375,Residential,265000,3,1,0,1,1,1,1,0,0,1,0,1,1,0,1,1,1,1,1,1,1,0,0,0,0,1,1,1,1,1,0
440,Sabah Al Ahmed Al Bahreya,Hillside,1349,Residential,225000,5,3,0,1,1,0,1,0,0,0,1,0,0,0,0,0,0,0,0,1,0,1,0,1,1,0,1,0,1,1,0
441,Sabah Al Ahmed Al Bahreya,Hillside,619,Residential,230000,3,5,0,1,0,1,1,0,0,1,0,0,1,1,1,1,1,0,0,0,0,0,1,0,0,1,1,1,1,1,1
442,Sabah Al Ahmed Al Bahreya,Suburb,619,Residential,230000,2,4,0,0,1,0,1,1,0,0,1,1,1,1,0,0,1,1,0,1,0,1,1,1,1,1,1,0,1,1,1
443,Sabah Al Ahmed Al Bahreya,Suburb,619,Residential,230000,1,5,1,1,0,0,0,1,1,0,1,0,0,1,0,1,0,1,1,1,1,1,0,1,0,0,1,1,0,1,1
444,Sabah Al Ahmed Al Bahreya,Hillside,450,Residential,185000,7,6,0,0,1,0,0,0,1,0,1,0,0,1,1,1,0,1,1,0,0,1,0,0,0,1,0,0,1,1,1
445,Sabah Al Ahmed Al Bahreya,Suburb,450,Residential,185000,2,1,0,1,0,0,0,1,1,1,0,1,1,0,0,0,1,1,1,0,0,1,1,0,0,0,0,0,0,1,0
446,Sabah Al Ahmed Al Bahreya,Hillside,450,Residential,210000,4,7,0,1,0,0,0,0,1,0,0,0,1,0,1,1,0,1,0,0,0,1,1,0,1,0,0,0,0,0,1
447,Sabah Al Ahmed Al Bahreya,Lakeview,661,Residential,135000,6,7,1,1,0,0,0,0,1,1,1,0,1,1,1,0,0,0,0,0,0,1,0,0,0,1,1,1,1,0,1
448,Sabah Al Ahmed Al Bahreya,Suburb,600,Residential,250000,2,1,0,1,1,1,0,0,1,1,0,0,1,1,0,1,1,1,0,1,1,0,1,0,0,1,1,1,1,1,0
449,Sabah Al Ahmed Al Bahreya,Lakeview,480,Residential,225000,7,3,0,0,1,1,1,1,0,0,0,0,0,1,1,0,1,0,1,0,0,1,1,1,1,0,1,1,0,1,0
450,Sabah Al Ahmed Al Bahreya,Lakeview,480,Residential,225000,5,3,0,1,0,1,0,0,0,0,1,0,1,1,1,1,0,0,0,0,1,1,0,1,0,0,1,0,0,0,0
451,Shaab,Hillside,400,Residential,430000,4,3,0,1,1,1,0,1,1,1,0,0,1,0,0,1,0,0,1,1,1,0,0,1,0,1,0,0,0,0,1
452,Abu Ftaira,Suburb,400,Residential,585000,7,5,0,1,1,0,0,1,0,1,1,0,0,0,1,0,0,1,0,1,1,1,0,0,0,0,1,1,1,1,1
453,Sabah Al Ahmed Al Bahreya,Downtown,475,Residential,220000,1,6,0,1,1,1,0,0,0,1,0,0,0,1,1,0,0,0,1,0,1,0,1,1,0,1,1,1,1,1,0
454,Sabah Al Ahmed Al Bahreya,Lakeview,610,Residential,212000,6,5,0,1,0,0,0,0,0,0,1,1,1,1,0,0,0,0,0,0,0,0,1,1,0,1,0,1,1,0,1
455,Sabah Al Ahmed Al Bahreya,Downtown,464,Residential,200000,1,2,0,1,0,0,0,1,0,0,1,1,1,0,0,0,0,0,0,1,0,0,1,0,0,1,0,1,1,0,0
456,Sabah Al Ahmed Al Bahreya,Hillside,459,Residential,220000,1,2,1,0,1,1,1,1,1,1,0,0,1,1,0,0,1,0,0,0,1,1,0,0,1,1,0,1,0,0,1
457,Sabah Al Ahmed Al Bahreya,Hillside,450,Residential,205000,1,6,0,0,1,1,0,1,1,1,1,0,1,1,1,0,0,0,0,1,0,0,0,1,1,0,0,0,1,1,1
458,Sabah Al Ahmed Al Bahreya,Hillside,465,Residential,125000,1,6,1,0,0,1,1,1,0,0,1,0,0,0,1,0,0,0,1,0,1,0,0,0,1,1,0,1,1,0,0
459,Sabah Al Ahmed Al Bahreya,Downtown,450,Residential,204000,1,1,0,1,0,1,0,1,1,0,1,1,0,0,1,0,1,1,0,0,0,1,1,0,0,1,1,0,0,1,0
460,Sabah Al Ahmed Al Bahreya,Downtown,465,Residential,127000,4,1,0,1,1,1,1,1,1,0,1,0,1,1,0,0,0,0,0,1,1,0,1,1,0,1,0,1,0,0,1
461,KHIRAN CITY,Downtown,400,Residential,125000,2,6,0,1,0,1,1,1,0,0,1,0,0,1,1,1,0,1,0,0,1,0,0,1,0,1,0,1,1,1,0
462,Zahra,Lakeview,376,Residential,475000,7,5,0,1,0,0,0,1,0,0,1,1,1,0,0,1,0,1,1,0,1,0,0,0,0,0,1,1,1,0,1
463,Sabah Al Ahmed Al Bahreya,Downtown,693,Residential,143000,4,2,1,0,0,0,0,1,0,1,0,0,0,1,1,0,0,0,0,0,0,0,1,1,1,1,0,1,1,0,1
464,Sabah Al Ahmed Al Bahreya,Beachfront,710,Residential,155000,4,1,0,0,0,0,0,0,1,1,0,0,0,1,0,0,1,1,1,1,1,1,1,1,0,0,0,0,0,0,1
465,Sabah Al Ahmed Al Bahreya,Beachfront,464,Residential,220000,3,3,1,0,0,1,0,0,0,0,1,1,1,1,0,1,1,1,0,0,1,1,0,1,1,1,0,1,0,1,1
466,Sabah Al Ahmed Al Bahreya,Downtown,618,Residential,440000,6,3,1,1,1,1,1,1,0,1,1,0,1,0,0,1,0,1,1,1,0,0,0,1,1,1,0,0,1,1,0
467,Sabah Al Ahmed Al Bahreya,Hillside,488,Residential,220000,5,5,0,1,1,0,1,1,1,0,0,0,0,0,1,1,1,1,0,0,0,1,1,1,1,0,0,0,0,1,0
468,Sabah Al Ahmed Al Bahreya,Downtown,500,Residential,3550000,7,5,0,0,1,0,1,1,1,0,0,0,0,0,0,1,1,1,0,0,1,0,1,1,1,1,0,1,0,0,1
469,AL-SIDDIQ,Beachfront,400,Residential,600000,3,3,1,0,0,0,0,0,0,0,1,0,1,0,1,0,1,0,1,0,0,0,1,0,1,1,0,0,0,1,1
470,Sabah Al Ahmed Al Bahreya,Hillside,480,Residential,225000,2,2,0,0,0,1,1,1,1,0,1,0,0,1,0,1,1,0,1,1,0,0,1,0,0,0,0,0,1,0,0
471,Sabah Al Ahmed Al Bahreya,Suburb,459,Residential,215000,2,6,1,1,0,1,1,0,1,0,1,1,0,1,0,1,1,1,0,1,0,1,1,0,0,1,1,1,0,0,1
472,Dasma,Beachfront,375,Residential,395000,7,2,1,0,1,1,1,0,0,0,1,1,1,0,0,1,0,0,0,1,1,0,0,0,0,0,1,1,1,1,1
473,Sabah Al Ahmed Al Bahreya,Suburb,636.5,Residential,135000,4,2,0,1,1,1,1,1,0,0,0,1,1,1,0,1,0,1,0,0,0,1,1,1,0,1,1,1,0,1,0
474,Sabah Al Ahmed Al Bahreya,Beachfront,530,Residential,330000,4,7,1,0,1,1,0,1,0,1,1,0,1,1,1,1,0,0,0,0,1,0,1,0,1,0,0,0,0,1,0
475,Sabah Al Ahmed Al Bahreya,Downtown,450,Residential,213000,6,6,0,0,0,1,0,1,1,1,1,0,0,1,0,1,0,1,1,0,0,1,0,1,1,0,0,0,1,0,0
476,Sabah Al Ahmed Al Bahreya,Downtown,1012,Residential,340000,3,2,1,1,0,0,1,1,1,1,1,1,0,1,0,1,1,1,1,1,1,1,1,1,0,0,1,0,1,1,1
477,Sabah Al Ahmed Al Bahreya,Beachfront,605,Residential,230000,3,6,0,1,1,1,1,0,0,1,1,0,0,1,0,1,1,1,1,1,0,0,1,1,0,0,1,0,0,1,1
478,Sabah Al Ahmed Al Bahreya,Suburb,520,Residential,240000,1,1,1,0,1,0,1,0,0,1,1,1,0,1,0,1,1,1,1,1,1,0,0,0,1,1,0,0,1,0,0
479,Sabah Al Ahmed Al Bahreya,Hillside,595,Residential,225000,5,6,0,1,0,1,1,1,0,1,1,1,1,0,0,0,0,1,1,1,0,1,0,1,0,1,1,1,0,0,1
480,Sabah Al Ahmed Al Bahreya,Suburb,480,Residential,265000,2,6,0,1,1,0,0,1,1,1,1,1,1,1,0,0,1,0,1,0,0,0,1,1,0,0,1,1,1,0,0
481,Zahra,Beachfront,375,Residential,475000,4,5,1,1,1,1,0,0,0,0,1,1,1,0,1,1,1,1,1,1,1,1,0,0,1,0,0,1,1,0,0
482,Sabah Al Ahmed Al Bahreya,Hillside,1889,Residential,350000,5,7,0,1,1,1,1,1,1,1,0,1,0,0,1,1,1,0,0,0,0,1,1,0,1,1,1,0,1,1,1
483,Sabah Al Ahmed Al Bahreya,Suburb,595,Residential,250000,7,4,1,1,0,1,1,0,0,1,0,1,0,1,1,1,0,0,1,1,0,0,0,1,1,0,1,0,0,1,1
484,Sabah Al Ahmed Al Bahreya,Beachfront,595,Residential,245000,4,5,1,0,1,1,1,0,1,0,1,1,1,1,1,1,1,1,0,1,1,0,1,0,0,1,1,1,0,0,0
485,Sabah Al Ahmed Al Bahreya,Suburb,450,Residential,235000,3,3,1,1,1,0,0,1,0,1,0,1,0,0,0,1,0,0,1,0,0,1,1,1,0,1,1,0,1,0,0
486,Sabah Al Ahmed Al Bahreya,Suburb,650,Residential,235000,3,6,1,0,1,0,0,0,0,0,1,0,1,1,1,0,0,1,1,1,1,1,0,1,1,1,1,1,0,1,1
487,Sabah Al Ahmed Al Bahreya,Hillside,555,Residential,220000,3,3,0,1,0,1,1,1,0,1,1,1,0,1,0,0,1,0,0,0,1,1,1,1,0,0,0,0,0,1,1
488,Sabah Al Ahmed Al Bahreya,Hillside,576,Residential,140000,6,7,1,0,1,0,1,1,1,1,1,1,1,1,1,0,0,1,1,1,1,1,0,0,0,0,1,0,0,0,0
489,Sabah Al Ahmed Al Bahreya,Suburb,576,Residential,140000,2,5,0,1,0,0,0,0,0,1,0,0,1,1,0,0,0,1,0,0,1,0,0,1,1,1,1,1,0,1,1
490,Sabah Al Ahmed Al Bahreya,Hillside,471,Residential,215000,6,6,0,1,0,0,1,1,1,0,1,0,0,0,0,1,0,0,1,0,0,1,1,1,0,0,1,1,1,0,0
491,Sabah Al Ahmed Al Bahreya,Suburb,650,Residential,370000,2,2,1,0,0,0,1,0,1,0,0,1,1,1,1,1,0,1,0,1,0,1,1,0,1,1,1,1,0,0,1
492,Sabah Al Ahmed Al Bahreya,Beachfront,700,Residential,350000,7,1,1,1,1,1,0,0,0,0,0,0,0,1,0,0,0,1,0,1,1,1,1,0,0,1,1,1,1,1,0
493,Sabah Al Ahmed Al Bahreya,Lakeview,450,Residential,420000,7,7,0,0,1,1,0,0,0,1,1,0,1,0,0,0,1,1,0,1,1,1,1,1,0,0,0,1,1,1,0
494,Sabah Al Ahmed Al Bahreya,Suburb,645,Residential,280000,3,2,1,1,0,1,0,1,0,0,0,1,1,0,1,0,0,0,1,1,0,1,1,1,1,1,0,0,1,0,1
495,Fnaitees,Suburb,400,Residential,560000,2,2,1,1,0,0,1,1,1,0,1,0,1,0,1,0,0,1,1,1,1,0,1,1,1,1,0,1,0,1,1
496,Sabah Al Ahmed Al Bahreya,Hillside,515,Residential,280000,7,4,1,1,1,1,1,0,0,1,1,1,0,1,1,1,1,1,0,1,1,1,0,0,0,0,0,1,0,0,1
497,Sabah Al Ahmed Al Bahreya,Lakeview,500,Residential,270000,5,6,1,1,1,0,1,1,0,0,0,1,1,1,0,0,1,1,1,0,1,0,0,0,1,1,1,0,1,0,0
498,Sabah Al Ahmed Al Bahreya,Lakeview,640,Residential,170000,3,4,1,0,0,0,1,1,0,0,0,1,1,1,0,1,0,0,0,1,1,1,1,1,1,1,1,1,0,1,0
499,Sabah Al Ahmed Al Bahreya,Downtown,500,Residential,330000,4,1,1,0,1,1,1,1,0,1,0,1,1,0,0,1,1,0,0,1,1,0,0,1,1,1,1,0,0,1,0
500,Sabah Al Ahmed Al Bahreya,Lakeview,495,Residential,230000,5,7,0,1,0,1,1,1,0,0,0,1,0,0,1,1,0,0,1,1,0,1,0,1,0,1,0,0,0,1,1
501,Sabah Al Ahmed Al Bahreya,Beachfront,474,Residential,220000,5,4,1,0,0,1,1,0,1,0,0,0,0,1,0,1,1,1,1,1,1,1,1,0,1,0,1,1,1,0,1
502,Jabriya,Suburb,432,Residential,470000,3,4,1,0,1,1,1,1,0,0,1,1,1,0,0,1,1,1,1,1,0,1,1,1,1,1,1,1,0,1,1
503,Sabah Al Ahmed Al Bahreya,Lakeview,425,Residential,225000,5,2,0,0,0,0,1,0,1,1,0,0,0,1,0,1,1,0,1,1,1,1,0,0,1,1,1,0,1,1,1
504,Shaab,Suburb,400,Residential,485000,4,3,0,0,0,1,1,0,1,0,0,0,0,0,1,1,0,1,0,0,1,1,0,0,1,1,0,1,1,1,0
505,Sabah Al Ahmed Al Bahreya,Lakeview,494,Residential,160000,6,5,1,0,1,0,0,0,0,1,0,1,1,1,1,0,1,1,0,0,0,1,1,0,1,0,1,1,0,0,0