No,City,Location,Area (sq.m),Type,Price,Bedroom,Bathrooms,Furnished,Street Access,Total Yard Area (sq.m),Pool,Lift,Sea,Playground,School,Hospital,Mosque,Mall,Indoor Pool,Outdoor Pool,Gym,Parking,Bank/Atm,Pharmacy,Restaurant,Supermarket,Laundry Room,Maid Room,Kitchen Furnished,Heating,Balcony,Jacuzzi,Solar Panels,Garden,Garage,Storage
6,Chicago,Downtown,831,Villa,89862,7,6,0,1,1,0,1,0,0,0,0,0,0,1,0,1,0,0,1,1,0,1,0,0,1,0,1,1,0,1,1
7,New York,Lakeview,1025,Apartment,104768,4,6,1,1,0,1,1,1,1,1,0,1,1,0,1,0,1,0,1,0,0,1,0,0,1,1,1,0,0,0,1
8,New York,Beachfront,375,Apartment,143426,6,2,1,0,1,0,0,0,0,0,1,0,0,0,1,1,0,0,1,0,1,0,1,0,1,0,1,0,1,1,1
9,New York,Suburb,479,Apartment,159783,6,2,0,0,1,1,1,1,0,0,0,1,1,1,0,0,1,0,1,0,1,0,0,1,0,1,0,0,0,1,0
10,Chicago,Downtown,703,Apartment,110630,7,2,0,0,1,0,1,0,1,1,1,1,0,1,0,0,0,0,1,0,0,1,0,0,0,1,0,0,1,1,1
11,Los Angeles,Downtown,774,Apartment,149312,6,4,0,0,1,1,0,1,0,1,1,0,1,1,1,1,0,1,0,1,1,0,1,0,1,0,0,0,1,0,0
12,San Francisco,Lakeview,944,Villa,67867,1,7,1,0,0,1,1,1,1,0,0,1,1,1,0,0,0,0,0,0,0,1,1,1,0,1,1,1,1,1,1
13,San Francisco,Hillside,565,Villa,178612,5,2,0,1,0,1,1,1,0,0,0,0,1,0,0,0,0,0,1,0,1,1,1,1,0,1,1,0,0,1,1
14,Miami,Suburb,530,Villa,68177,7,3,0,0,0,1,1,1,0,0,1,0,0,1,0,1,0,0,1,0,0,1,0,1,0,0,0,1,1,0,1
15,Los Angeles,Suburb,848,Villa,56283,4,4,0,0,0,0,0,0,1,1,0,1,1,1,0,0,0,0,0,0,0,0,1,1,0,1,0,0,0,1,0
16,New York,Lakeview,376,Apartment,87107,5,7,1,0,1,1,1,0,0,0,0,0,1,1,1,0,0,0,0,1,0,1,0,1,1,0,0,1,0,1,0
17,San Francisco,Hillside,440,Apartment,135973,3,6,0,1,1,1,0,0,1,1,1,0,0,0,0,1,1,0,1,1,0,1,1,0,0,1,1,0,1,1,1
18,New York,Downtown,788,Apartment,121996,7,6,0,0,0,1,1,1,1,0,1,1,1,1,1,1,0,1,0,0,0,0,0,1,1,0,0,0,1,1,1
19,Chicago,Hillside,620,Apartment,186574,2,2,1,1,0,0,1,1,0,1,1,0,1,1,1,1,1,1,0,1,0,0,0,1,0,0,0,0,0,0,1
20,Los Angeles,Lakeview,719,Villa,155053,7,4,0,1,1,1,1,1,0,0,0,0,0,1,1,1,0,0,0,0,0,1,1,0,1,0,1,0,1,1,1
21,Chicago,Downtown,1035,Villa,50422,4,4,0,0,1,1,1,0,0,0,1,1,0,1,0,0,0,1,1,0,0,0,1,0,0,0,0,0,0,1,1
22,New York,Lakeview,997,Villa,160774,4,6,0,1,1,0,0,1,1,0,1,1,1,1,0,1,1,0,1,0,1,0,0,1,0,0,1,1,1,0,1
23,New York,Suburb,366,Apartment,66134,1,2,0,1,1,0,0,0,0,1,1,0,0,1,0,0,1,1,1,1,1,1,0,0,1,0,0,1,1,1,0
24,New York,Downtown,414,Villa,76199,1,2,0,1,0,1,1,1,0,0,1,0,0,1,0,0,0,1,1,0,1,0,1,1,0,0,1,0,1,0,1
25,Miami,Beachfront,1098,Villa,195274,2,7,1,1,0,0,1,0,1,0,0,1,0,1,1,0,1,1,1,0,1,1,0,1,0,1,1,0,0,1,1
26,New York,Hillside,346,Villa,55049,2,5,0,0,0,1,1,1,1,1,0,0,1,1,1,0,0,0,1,0,1,0,0,1,1,1,1,0,0,1,1
27,Los Angeles,Beachfront,1151,Villa,86139,6,1,0,0,1,1,0,0,0,1,1,1,1,0,0,0,1,1,1,1,0,1,1,1,0,0,0,0,0,0,0
28,Chicago,Suburb,607,Villa,178132,2,1,0,0,0,0,1,0,0,0,0,1,0,0,1,1,0,0,0,0,1,0,0,1,0,1,0,1,1,0,0
29,San Francisco,Downtown,948,Apartment,61143,5,6,1,0,1,0,1,1,0,0,0,0,1,1,0,1,0,0,0,0,1,0,0,1,0,0,1,0,1,1,0
30,Los Angeles,Downtown,645,Villa,61848,2,2,0,0,1,1,1,1,0,1,1,0,0,0,1,1,0,0,1,1,1,1,1,0,1,0,0,1,0,1,1
31,New York,Beachfront,1119,Apartment,179471,3,3,0,0,1,1,1,1,0,0,0,1,1,1,0,1,1,1,0,0,1,1,1,0,0,0,1,0,0,0,1
32,Chicago,Suburb,398,Villa,68015,6,2,0,0,0,1,1,0,1,1,1,1,0,1,0,1,0,1,1,0,1,0,0,0,0,1,0,1,0,0,0
33,Miami,Lakeview,745,Apartment,138060,5,3,1,1,1,0,1,0,0,0,0,1,0,0,1,1,1,1,0,1,1,0,0,1,1,0,0,1,0,1,0
34,New York,Hillside,908,Villa,55447,6,6,1,0,0,0,0,1,1,1,1,0,0,0,1,1,0,0,1,0,0,0,0,1,0,1,1,0,0,1,0
35,New York,Suburb,1146,Villa,96005,1,6,0,0,0,1,1,0,1,1,0,0,0,0,0,0,1,0,1,0,0,1,0,0,0,1,0,0,1,1,1
36,Los Angeles,Suburb,1046,Apartment,178618,6,5,1,0,1,0,0,1,1,1,0,0,0,0,0,0,1,0,1,0,1,1,1,1,1,1,0,0,1,0,0
37,Chicago,Downtown,604,Apartment,88122,2,5,0,1,1,0,1,1,1,0,1,1,0,0,0,1,0,1,1,1,0,1,1,1,0,0,1,0,0,0,1
38,Los Angeles,Downtown,938,Villa,172102,5,1,1,0,1,1,1,1,0,0,1,1,1,0,1,1,0,0,1,0,0,0,1,0,0,0,1,0,1,1,0
39,Miami,Downtown,1064,Apartment,126838,7,6,0,0,1,0,1,0,1,1,1,0,0,0,0,0,1,0,1,0,0,1,0,0,0,1,0,0,1,0,0
40,Chicago,Suburb,1098,Villa,132942,1,1,0,0,0,0,0,1,1,1,1,0,1,1,1,0,1,0,1,1,0,1,0,0,0,0,0,0,1,1,1
41,San Francisco,Hillside,1186,Apartment,120585,5,4,0,1,1,0,0,1,1,1,0,0,1,1,1,1,1,1,0,0,0,1,1,0,0,0,1,1,0,0,0
42,San Francisco,Downtown,305,Villa,172508,5,2,0,0,0,0,0,1,0,0,1,0,0,0,1,1,1,1,1,1,0,1,1,1,1,0,1,1,1,1,1
43,San Francisco,Lakeview,627,Villa,119761,5,6,1,1,1,0,1,0,1,1,1,0,0,0,0,0,1,1,1,1,1,0,0,0,1,0,1,1,0,1,1
44,San Francisco,Suburb,715,Villa,95737,5,5,1,1,0,0,1,1,0,0,1,1,1,0,0,1,0,1,1,1,1,1,0,0,1,1,0,1,0,0,0
45,Los Angeles,Suburb,321,Villa,180787,7,6,0,1,1,0,0,0,0,0,0,1,0,0,0,1,1,1,1,1,0,0,1,0,1,1,0,1,0,1,0
46,Los Angeles,Beachfront,449,Villa,96113,6,1,0,1,0,1,0,0,0,0,0,1,1,1,0,1,1,1,1,0,1,1,0,1,1,0,1,1,1,0,1
47,San Francisco,Hillside,776,Apartment,173288,1,1,1,1,1,0,0,1,0,1,0,0,0,1,1,1,0,1,1,1,1,1,0,1,0,1,0,0,1,1,0
48,Chicago,Hillside,1011,Apartment,140006,4,4,0,0,1,1,0,0,1,0,0,1,0,0,1,0,1,0,1,0,0,1,1,0,0,1,1,1,0,1,1
49,Chicago,Lakeview,397,Apartment,68767,1,5,1,1,0,0,1,0,1,0,1,0,1,1,1,1,1,0,1,1,1,1,1,1,1,1,1,0,1,0,0
50,Los Angeles,Lakeview,644,Villa,56701,1,5,1,0,0,1,0,0,0,0,1,0,0,0,1,1,0,1,1,1,1,0,0,0,0,0,0,1,1,0,0
51,Los Angeles,Hillside,871,Villa,111593,5,2,0,0,1,1,1,1,1,1,0,0,0,1,0,1,0,0,1,0,0,0,1,0,0,1,1,0,0,0,0
52,Miami,Lakeview,370,Apartment,86995,2,5,1,1,1,1,1,1,0,0,0,0,1,1,0,1,1,0,0,1,0,1,0,0,1,1,1,1,1,0,0
53,San Francisco,Suburb,762,Villa,183334,6,4,1,1,0,1,0,0,0,0,1,0,1,1,0,1,1,0,1,0,1,1,0,1,0,1,1,1,1,1,0
54,New York,Downtown,588,Villa,95515,6,2,0,1,0,0,1,1,0,1,1,1,0,1,1,0,0,0,0,1,1,1,0,0,0,1,1,1,0,0,0
55,San Francisco,Beachfront,692,Villa,121646,3,3,0,0,1,0,0,1,0,1,1,1,0,0,0,1,0,1,1,0,1,1,0,0,1,0,0,0,1,1,0
56,Miami,Downtown,975,Villa,117335,5,1,0,1,0,0,1,1,0,0,0,1,1,0,0,1,0,1,1,0,0,0,1,1,1,0,0,1,1,1,1
57,Los Angeles,Lakeview,618,Villa,198772,2,7,0,0,0,0,0,1,0,1,0,0,0,1,0,0,0,1,1,0,0,1,1,0,0,1,0,0,0,0,0
58,Miami,Lakeview,1073,Villa,114560,5,1,0,0,0,1,0,0,1,1,0,1,0,0,0,0,0,1,0,1,0,0,1,1,1,0,1,1,0,1,0
59,New York,Hillside,1194,Apartment,181491,2,5,1,1,0,0,1,1,1,1,0,0,1,1,1,1,0,1,0,1,1,1,1,1,1,1,0,1,1,0,0
60,Los Angeles,Suburb,785,Apartment,177006,4,5,1,1,1,1,0,0,1,0,0,1,1,0,1,1,0,0,0,0,0,0,1,0,0,1,1,1,1,1,1
61,Miami,Hillside,631,Villa,162993,6,4,1,1,1,1,1,1,0,0,1,0,0,0,0,0,0,1,1,0,1,0,0,0,1,1,0,0,0,0,1
62,San Francisco,Lakeview,1092,Villa,141361,3,1,1,1,1,0,0,1,1,0,0,1,1,1,1,0,1,1,1,0,0,1,0,0,1,1,1,0,0,0,1
63,New York,Beachfront,350,Villa,50046,2,6,1,1,1,1,0,0,0,1,0,0,1,0,0,1,1,0,0,1,1,0,1,0,1,1,0,1,0,0,1
64,Los Angeles,Lakeview,689,Apartment,116389,7,3,1,0,0,0,1,1,0,0,0,0,0,0,0,0,0,0,1,1,1,0,0,1,1,0,1,1,0,1,0
65,Chicago,Beachfront,839,Apartment,61970,7,6,1,1,1,1,1,1,0,0,0,0,0,1,1,1,0,1,1,1,0,0,0,0,1,0,0,0,0,1,0
66,San Francisco,Lakeview,778,Apartment,98187,1,1,0,0,0,0,0,0,0,1,1,1,1,0,1,0,0,1,0,1,1,0,1,0,0,0,1,1,0,0,0
67,New York,Suburb,786,Villa,134649,5,4,0,1,1,1,1,1,0,0,0,1,1,0,0,0,1,0,1,1,1,0,0,0,1,1,0,0,1,1,0
68,San Francisco,Suburb,465,Apartment,95669,3,4,1,1,0,0,1,0,1,0,0,0,0,0,0,0,0,1,0,0,0,1,0,0,0,1,0,1,1,1,1
69,Chicago,Lakeview,858,Villa,79589,1,5,1,0,0,0,0,1,1,1,0,1,0,1,0,1,1,0,1,0,0,0,1,0,0,0,1,0,0,1,0
70,Los Angeles,Lakeview,704,Villa,123288,6,6,1,1,0,1,1,1,1,1,1,1,1,0,0,0,1,1,0,1,1,0,0,0,0,1,0,0,0,1,0
71,San Francisco,Lakeview,1070,Villa,137969,5,1,1,1,1,0,1,0,1,1,0,0,1,1,0,1,0,0,0,0,1,1,0,1,0,0,0,1,0,0,0
72,Miami,Hillside,766,Villa,72304,7,1,1,0,0,0,0,1,0,0,1,0,1,1,0,1,0,1,0,1,0,1,0,1,1,0,1,1,0,0,1
73,Los Angeles,Lakeview,1101,Villa,108103,3,4,1,1,1,1,1,0,1,1,1,1,0,1,1,1,1,1,1,0,0,1,1,1,1,0,0,1,0,1,0
74,Chicago,Beachfront,988,Villa,161375,5,4,1,1,1,0,1,0,0,1,0,0,0,1,1,0,1,0,1,0,1,0,0,1,0,0,0,1,1,0,0
75,Chicago,Hillside,1172,Apartment,190733,1,1,1,0,0,1,0,1,1,0,0,0,0,1,0,1,0,0,1,1,0,1,1,1,0,1,0,1,1,0,0
76,New York,Suburb,674,Villa,118269,7,5,1,0,1,1,0,0,1,0,1,1,0,0,0,0,1,0,1,0,0,1,0,1,1,1,1,1,0,0,0
77,Miami,Downtown,996,Apartment,101915,2,3,0,0,0,0,0,0,0,0,0,1,1,1,1,0,1,0,0,0,1,1,0,0,0,0,0,0,0,1,0
78,Los Angeles,Lakeview,503,Apartment,149296,3,6,1,0,1,1,1,0,0,1,1,1,1,0,1,0,0,0,1,1,0,1,1,1,1,0,1,1,1,0,0
79,New York,Suburb,449,Apartment,66464,6,2,1,0,0,1,1,0,0,1,1,0,1,0,0,1,1,0,0,1,1,0,0,0,1,0,1,0,1,0,0
80,New York,Beachfront,874,Apartment,128215,7,5,0,0,0,0,1,0,1,0,1,0,1,0,1,0,0,1,1,1,1,1,1,1,1,0,1,1,1,0,0
81,Chicago,Lakeview,662,Villa,69596,7,7,0,0,1,0,0,1,0,1,0,1,1,0,1,0,0,1,0,0,0,1,0,0,1,0,1,0,0,0,0
82,New York,Hillside,1091,Villa,127715,2,2,0,1,0,1,1,0,0,1,1,1,1,1,1,1,1,1,0,1,1,0,1,1,0,0,0,1,0,0,1
83,New York,Lakeview,967,Apartment,192856,3,1,1,0,0,1,1,1,1,0,1,1,1,0,0,0,1,0,0,0,0,0,1,1,0,1,0,1,0,1,1
84,New York,Downtown,397,Apartment,185329,6,4,0,0,1,0,0,0,1,1,1,0,1,1,0,1,0,0,1,0,0,1,0,1,1,1,1,1,1,1,1
85,Los Angeles,Beachfront,1102,Apartment,73890,7,6,1,1,1,0,1,0,0,1,1,1,1,1,0,1,1,0,1,0,0,0,0,0,0,1,1,1,0,0,1
86,Chicago,Downtown,838,Apartment,74542,5,3,0,1,0,1,1,1,1,1,0,0,0,0,0,0,0,1,1,0,1,1,0,1,0,1,0,0,1,1,0
87,San Francisco,Lakeview,325,Villa,148294,6,3,1,0,0,1,1,1,1,1,1,0,0,1,1,1,0,0,1,1,0,1,1,0,0,1,0,1,1,0,0
88,San Francisco,Lakeview,1126,Apartment,129529,6,5,0,0,1,1,1,0,0,1,1,1,0,0,0,1,1,0,0,0,1,1,1,0,0,0,0,0,1,0,0
89,Los Angeles,Hillside,531,Apartment,73683,4,7,1,0,0,1,1,0,1,1,0,1,1,1,1,1,0,1,0,0,0,0,1,0,0,0,1,1,1,0,1
90,San Francisco,Lakeview,1071,Villa,174702,3,4,0,0,0,0,1,1,1,0,0,1,1,1,0,0,0,1,1,0,1,0,1,1,0,0,0,0,0,1,1
91,Chicago,Beachfront,1102,Apartment,194683,2,7,1,0,0,1,1,0,1,0,1,1,1,1,0,1,1,1,0,1,1,0,1,0,0,0,0,1,0,1,0
92,Miami,Lakeview,899,Villa,65004,5,2,1,1,1,1,1,1,0,1,0,1,1,0,1,0,1,1,0,1,0,0,1,0,0,1,0,0,0,1,0
93,Chicago,Lakeview,558,Villa,177321,5,3,0,0,1,0,0,0,0,1,0,0,0,0,0,1,1,0,0,1,1,0,0,1,0,0,0,0,0,0,1
94,Miami,Beachfront,1007,Apartment,55701,1,2,0,1,0,1,1,0,1,1,0,1,1,0,0,0,1,1,0,0,0,1,0,0,0,1,1,0,1,0,0
95,Los Angeles,Lakeview,429,Villa,196430,2,1,1,0,1,0,0,1,1,0,0,0,0,1,1,0,0,1,1,0,0,1,0,1,1,1,1,0,1,0,1
96,New York,Downtown,380,Villa,102588,6,5,1,1,0,0,0,1,1,0,1,1,1,1,1,0,1,0,0,0,0,1,1,0,0,0,1,0,1,0,0
97,San Francisco,Suburb,823,Villa,197850,6,7,1,0,1,1,1,0,1,1,1,0,0,1,0,1,0,0,1,1,1,0,0,0,0,0,0,1,0,1,0
98,San Francisco,Beachfront,526,Villa,86249,1,1,0,0,1,0,0,0,0,1,1,1,0,1,0,1,1,1,0,0,1,1,1,0,1,1,1,1,1,1,0
99,Chicago,Hillside,1200,Villa,127101,6,7,0,0,1,0,0,0,1,1,1,0,0,1,1,0,0,1,0,1,1,0,1,0,0,1,0,1,0,0,1
100,Los Angeles,Hillside,1151,Villa,106155,1,2,1,0,1,1,0,0,0,1,1,0,1,1,1,1,1,0,1,1,0,1,1,1,1,1,1,1,1,1,0
101,Los Angeles,Suburb,881,Villa,161027,1,5,1,1,0,1,0,1,0,0,0,1,0,1,0,1,1,1,0,0,1,1,1,0,0,0,0,0,0,0,1
102,Los Angeles,Beachfront,386,Villa,97749,5,1,0,1,1,0,1,1,1,1,1,1,0,0,1,1,0,0,0,0,0,0,0,1,0,1,1,0,1,0,1
103,Los Angeles,Beachfront,951,Apartment,100659,6,6,1,0,1,1,1,1,1,1,1,0,0,0,0,1,0,1,1,0,0,1,1,0,1,0,0,0,1,0,1
104,New York,Downtown,342,Villa,70467,5,3,0,1,1,0,1,0,0,1,0,1,1,0,0,1,1,0,1,1,0,0,1,0,0,0,0,1,0,0,0
105,Chicago,Lakeview,998,Villa,84732,4,2,0,0,0,0,0,1,1,0,0,1,0,0,1,0,1,1,1,1,1,0,0,0,0,1,0,0,1,0,0
106,Chicago,Downtown,585,Villa,117134,5,5,1,0,1,0,0,1,0,0,1,1,1,1,0,0,0,0,0,1,0,1,0,1,1,0,0,1,0,1,0
107,Miami,Suburb,1192,Villa,152317,4,3,1,1,1,1,1,1,0,1,0,1,0,0,1,1,1,0,0,1,0,0,0,0,0,1,0,1,0,1,0
108,Chicago,Lakeview,556,Apartment,134504,7,5,0,0,0,1,0,0,0,1,0,1,0,1,1,1,0,1,0,0,1,1,1,0,1,0,1,0,0,1,1
109,San Francisco,Suburb,957,Apartment,193055,6,2,0,0,0,0,0,0,1,1,1,1,1,0,1,1,0,0,1,1,1,0,1,0,1,1,0,1,1,1,1
110,Los Angeles,Hillside,1130,Apartment,53376,1,5,1,0,0,1,1,0,1,1,1,1,1,0,1,0,0,1,1,1,1,0,1,1,0,1,0,1,0,0,0
111,Los Angeles,Beachfront,582,Apartment,87287,5,6,0,1,1,0,1,1,1,1,1,0,0,0,1,1,0,0,0,0,0,0,0,0,1,1,0,0,0,1,0
112,Miami,Lakeview,623,Apartment,83488,6,5,1,0,1,0,0,0,0,0,1,0,1,0,1,1,1,1,1,0,0,0,0,0,1,0,1,0,0,1,0
113,Miami,Downtown,1178,Villa,114246,1,6,0,0,1,0,0,1,1,1,1,1,0,1,1,0,0,0,1,0,1,0,0,0,1,0,1,1,1,0,0
114,Miami,Suburb,1130,Apartment,119499,2,3,1,0,1,0,0,0,0,0,0,1,0,1,1,1,0,1,1,1,1,0,1,0,1,1,0,0,1,0,1
115,Miami,Hillside,1100,Apartment,194012,7,4,0,1,0,1,1,0,1,1,0,1,1,1,0,1,1,1,1,0,1,1,0,0,0,0,1,1,0,1,1
116,New York,Beachfront,940,Apartment,82980,4,2,1,0,0,0,1,1,0,1,0,1,1,0,1,0,0,0,1,1,0,1,1,0,0,0,0,1,1,1,1
117,Los Angeles,Suburb,953,Apartment,177811,7,5,0,1,1,1,0,0,1,0,1,1,1,0,1,1,1,1,0,0,0,1,0,1,1,1,1,0,1,0,0
118,Chicago,Suburb,834,Villa,151590,1,4,0,0,1,1,1,0,1,1,1,1,0,1,1,0,1,1,0,0,1,0,0,1,1,1,1,0,1,0,1
119,Miami,Downtown,1171,Apartment,160399,3,6,1,0,1,1,1,1,1,0,0,0,0,1,0,1,1,0,0,1,0,1,0,0,1,0,1,1,0,0,1
120,New York,Beachfront,655,Villa,71827,5,1,0,0,0,1,1,0,0,1,0,0,0,0,1,1,0,1,1,1,1,1,0,0,1,1,1,0,0,0,1
121,San Francisco,Hillside,486,Apartment,70705,1,3,0,1,0,1,1,1,1,0,1,0,1,1,0,0,0,0,0,1,1,0,1,0,0,1,0,0,0,1,1
122,New York,Lakeview,954,Villa,177264,6,5,0,1,1,0,0,0,0,0,0,0,1,0,1,1,0,0,0,0,0,0,1,1,1,1,1,1,1,1,1
123,New York,Beachfront,607,Apartment,105323,7,4,1,0,1,0,0,0,1,1,1,1,0,1,0,0,1,1,1,0,1,0,0,1,1,1,1,0,1,1,1
124,Miami,Downtown,1175,Apartment,165272,5,2,0,0,1,0,0,1,1,0,0,1,1,0,1,1,0,1,1,0,0,1,0,0,1,0,1,1,0,1,0
125,Miami,Lakeview,583,Villa,146886,6,3,1,1,1,1,1,1,0,1,0,1,0,0,0,1,0,1,0,0,0,0,1,0,1,0,1,1,0,1,1
126,San Francisco,Beachfront,461,Apartment,67571,1,4,1,1,0,1,1,1,0,1,1,0,0,0,0,0,1,0,1,1,1,1,0,1,0,0,1,1,0,1,0
127,San Francisco,Beachfront,418,Villa,178149,4,6,1,0,1,1,1,1,0,1,1,1,0,0,0,1,0,0,1,1,0,0,0,0,0,0,0,1,1,0,0
128,San Francisco,Beachfront,325,Villa,145141,6,1,1,1,0,1,0,0,1,0,0,0,0,1,1,0,1,1,1,0,1,0,1,1,0,0,0,0,1,0,0
129,New York,Lakeview,896,Apartment,85658,1,4,1,0,1,0,1,1,1,1,1,0,1,1,0,1,0,0,0,0,1,0,1,0,1,1,1,1,0,0,1
130,Los Angeles,Hillside,599,Villa,130732,3,7,0,0,0,0,0,0,0,0,0,1,0,1,1,1,0,0,1,0,1,1,0,0,1,1,0,0,0,0,0
131,Los Angeles,Downtown,1066,Apartment,188664,3,3,0,0,1,1,0,1,0,0,0,1,0,1,1,1,1,1,1,0,0,0,0,0,1,0,1,1,0,0,1
132,New York,Suburb,1102,Villa,59441,7,1,0,1,0,1,1,1,0,0,0,1,0,1,0,1,0,1,0,1,1,1,1,0,0,0,0,1,0,1,1
133,San Francisco,Suburb,1000,Villa,54835,3,1,0,0,1,0,1,1,1,1,1,1,1,1,1,1,0,1,0,1,1,0,0,1,0,0,1,1,1,0,1
134,New York,Downtown,764,Villa,87431,5,3,0,1,0,1,0,0,0,0,1,0,0,1,1,1,1,1,1,1,0,1,0,1,1,0,0,1,0,0,1
135,Miami,Beachfront,856,Apartment,139088,4,7,0,0,0,1,1,1,0,1,1,1,1,1,1,0,0,1,0,0,0,0,0,1,0,1,1,1,1,1,1
136,Miami,Lakeview,523,Villa,78738,3,7,1,1,1,1,1,1,1,1,1,0,1,1,0,1,0,0,1,1,0,0,0,1,1,1,0,1,0,0,0
137,Los Angeles,Hillside,505,Villa,135604,1,2,0,0,0,1,0,0,0,0,1,1,0,1,0,1,1,0,1,0,0,0,1,1,0,1,1,1,0,0,1
138,Chicago,Lakeview,862,Villa,149319,7,3,1,0,0,1,1,1,0,0,1,1,0,1,1,1,1,0,0,1,0,1,1,1,1,1,1,1,1,0,0
139,Miami,Lakeview,866,Apartment,97069,5,6,0,0,1,0,0,1,0,0,1,1,0,1,0,0,1,0,0,0,1,0,0,1,0,1,1,0,0,1,0
140,New York,Beachfront,836,Villa,77832,3,7,1,1,0,1,0,1,1,0,1,1,1,1,0,0,1,0,1,0,0,1,0,1,0,1,1,1,0,1,1
141,New York,Beachfront,1020,Apartment,65270,4,2,0,0,0,0,1,1,0,1,1,0,1,0,1,0,0,0,1,0,0,1,0,0,1,1,0,0,1,0,0
142,Los Angeles,Beachfront,1058,Villa,171481,6,4,0,1,1,0,0,0,0,0,1,1,0,1,1,1,0,0,0,1,1,0,1,0,1,0,0,1,1,1,0
143,San Francisco,Hillside,350,Villa,194231,4,6,1,1,1,0,1,0,0,1,1,1,1,1,1,1,0,0,1,0,1,1,0,1,0,0,0,0,1,1,0
144,San Francisco,Hillside,1110,Villa,118350,4,7,1,1,1,0,1,1,0,1,1,1,1,1,0,1,1,0,0,0,0,0,0,1,1,0,0,1,0,0,1
145,Chicago,Downtown,566,Apartment,67288,7,2,1,1,1,0,1,1,0,1,0,0,1,0,1,1,1,0,0,0,0,0,0,0,1,0,0,1,0,0,0
146,New York,Lakeview,902,Villa,61847,5,3,1,1,1,1,0,0,0,0,1,1,1,1,0,1,0,1,0,0,0,0,1,0,1,1,0,0,0,0,0
147,Chicago,Beachfront,1116,Villa,87900,2,1,0,1,0,0,1,1,0,1,1,0,1,1,0,1,1,0,0,1,1,1,0,0,0,1,1,1,0,1,1
148,Miami,Beachfront,428,Villa,58780,4,2,0,0,0,1,0,0,0,0,0,0,1,0,0,0,0,0,1,1,0,0,1,1,1,1,0,1,0,1,1
149,San Francisco,Beachfront,674,Villa,143456,1,1,1,0,1,1,1,1,0,0,0,1,0,1,1,0,1,1,0,1,0,1,1,0,0,1,1,1,1,1,0
150,Miami,Lakeview,932,Villa,163180,1,4,0,0,1,1,1,1,1,0,0,1,0,1,0,0,0,0,1,0,0,0,0,0,0,1,0,1,0,0,1
151,Chicago,Downtown,687,Apartment,102963,2,5,0,1,1,0,0,0,0,1,0,1,0,1,0,0,1,1,0,0,0,1,0,0,0,1,1,1,1,1,1
152,Los Angeles,Beachfront,834,Apartment,142784,1,2,1,0,0,1,1,0,1,1,1,1,1,1,0,1,0,0,1,0,0,0,1,0,0,1,0,1,0,0,1
153,New York,Downtown,321,Apartment,80817,2,5,1,0,0,0,1,0,0,1,0,1,1,0,1,1,0,0,0,1,0,0,1,1,1,1,1,1,0,0,0
154,San Francisco,Hillside,686,Villa,130155,2,2,0,0,1,0,1,0,1,0,1,1,0,1,0,0,0,0,1,0,1,0,0,0,1,1,1,0,1,1,1
155,New York,Suburb,942,Villa,118420,3,7,1,1,1,0,0,0,0,1,1,1,1,1,0,0,0,1,0,1,1,1,0,0,0,0,0,1,1,1,0
156,Chicago,Lakeview,394,Apartment,54179,3,7,0,1,0,0,0,1,1,1,0,1,1,1,0,1,0,1,0,1,0,1,1,1,1,0,1,1,0,1,1
157,New York,Downtown,771,Villa,182218,3,6,0,0,1,1,0,0,1,1,0,0,1,1,1,0,1,0,1,0,1,1,0,0,0,1,1,1,0,0,0
158,San Francisco,Suburb,424,Villa,163548,4,5,0,0,1,0,0,0,1,0,0,1,0,0,0,0,0,0,0,1,0,0,0,0,0,1,0,0,0,1,1
159,Los Angeles,Lakeview,395,Apartment,166581,1,7,1,1,0,1,0,0,0,1,1,0,0,1,1,1,1,1,1,1,0,0,0,1,0,0,1,1,0,1,0
160,New York,Lakeview,915,Villa,169244,5,2,0,0,0,0,1,0,0,1,1,1,0,1,1,0,1,0,1,0,1,1,1,1,1,0,1,1,0,1,1
161,New York,Hillside,1003,Villa,179011,4,2,0,1,1,1,1,0,1,1,1,1,1,0,1,1,0,1,1,1,0,0,1,1,1,1,0,0,0,1,1
162,Miami,Beachfront,787,Villa,111817,6,6,1,1,1,0,1,1,1,1,0,1,0,1,0,0,0,0,1,1,0,0,0,0,0,1,1,1,1,0,0
163,Chicago,Downtown,631,Apartment,68217,5,5,1,0,1,0,0,1,1,0,0,1,0,0,1,1,0,0,0,0,0,1,1,1,1,0,0,0,0,1,0
164,New York,Suburb,1028,Apartment,132979,7,6,0,0,1,0,0,1,0,0,0,0,1,1,0,1,1,1,1,1,1,0,0,0,1,1,0,0,0,1,1
165,Miami,Downtown,308,Apartment,128290,5,3,1,1,1,1,1,1,1,0,0,1,0,0,1,0,1,1,1,1,0,1,0,1,1,1,1,1,0,0,0
166,Chicago,Beachfront,376,Villa,73297,4,3,0,0,0,0,1,0,1,1,0,0,0,1,1,0,0,0,0,1,1,0,1,0,1,0,0,0,0,0,0
167,San Francisco,Hillside,957,Apartment,159803,7,6,0,0,1,0,1,0,1,1,1,0,1,0,0,1,0,0,0,0,0,1,0,1,1,0,0,1,0,0,0
168,Los Angeles,Beachfront,552,Villa,137473,7,7,1,1,1,1,0,1,1,0,0,1,0,1,1,0,0,1,0,0,1,1,0,1,1,1,0,1,0,1,0
169,Miami,Lakeview,837,Apartment,182452,5,4,0,0,1,0,0,1,0,0,0,1,0,1,1,1,1,1,0,0,1,1,1,1,1,1,0,1,1,0,0
170,San Francisco,Suburb,838,Apartment,112660,1,7,0,0,1,1,0,1,0,1,0,1,1,1,0,0,1,0,1,1,0,0,1,0,0,0,0,1,0,1,0
171,Chicago,Lakeview,589,Apartment,193533,1,1,1,1,1,1,1,0,0,1,0,0,0,0,0,1,0,0,0,1,1,0,0,1,0,1,1,0,0,0,0
172,Chicago,Hillside,855,Apartment,120453,1,1,1,1,1,1,1,1,0,1,0,0,0,0,1,1,0,0,1,1,0,0,1,1,0,1,0,0,1,1,0
173,New York,Downtown,1156,Villa,137123,7,2,0,0,0,1,0,0,1,1,1,0,0,1,1,0,0,0,1,1,1,0,0,0,1,1,0,1,0,1,1
174,Miami,Suburb,944,Apartment,128979,4,7,1,0,0,1,1,1,0,0,1,1,1,1,0,0,1,1,1,0,1,1,0,1,1,0,1,0,1,0,0
175,San Francisco,Downtown,708,Villa,100360,2,4,0,1,1,1,0,1,1,0,1,1,1,1,1,0,1,1,0,0,1,0,1,1,0,1,0,1,1,1,1
176,San Francisco,Suburb,355,Apartment,195553,5,7,0,0,0,0,0,1,1,0,1,0,0,1,0,0,0,1,0,0,1,0,0,0,1,1,1,0,1,0,1
177,New York,Beachfront,598,Apartment,191102,7,3,1,1,1,0,0,0,0,0,1,1,1,1,0,0,1,0,0,0,0,1,1,1,0,0,1,0,1,1,0
178,Los Angeles,Lakeview,483,Villa,150566,3,6,0,1,0,0,0,1,1,1,1,0,1,1,0,1,1,0,1,1,0,0,0,0,1,1,0,0,1,1,1
179,Chicago,Suburb,627,Villa,134644,3,7,0,1,0,0,1,0,0,0,1,1,0,1,0,1,0,1,1,1,0,0,1,1,1,0,1,1,1,1,1
180,San Francisco,Downtown,1132,Villa,172492,3,1,1,0,0,1,1,0,0,1,1,0,1,1,0,1,1,0,0,1,0,1,1,0,1,0,0,0,1,1,1
181,Los Angeles,Downtown,619,Apartment,110490,4,7,1,1,0,1,1,0,0,1,0,1,0,0,0,0,0,0,0,1,1,1,1,0,1,1,1,0,0,0,1
182,Miami,Beachfront,768,Apartment,123620,7,4,0,1,1,1,0,0,0,1,1,1,1,1,0,1,1,1,0,1,0,0,1,0,0,0,1,0,1,0,0
183,Miami,Beachfront,1175,Apartment,199176,7,4,0,1,0,1,1,1,1,0,1,1,0,0,1,0,0,1,1,0,0,1,0,0,1,0,1,0,0,1,0
184,Los Angeles,Beachfront,303,Villa,149668,2,6,1,0,1,0,0,0,0,1,1,1,1,0,1,0,0,0,0,1,0,0,0,1,0,1,1,0,1,0,0
185,New York,Downtown,842,Apartment,107095,1,4,0,0,0,1,0,0,1,1,1,0,0,0,0,1,0,0,1,1,0,0,1,1,1,1,0,1,1,1,0
186,Los Angeles,Beachfront,445,Villa,192127,7,4,1,0,1,1,0,1,1,0,1,0,1,1,0,1,0,0,1,0,1,1,0,1,1,0,0,0,1,0,0
187,Los Angeles,Beachfront,456,Villa,187004,5,7,0,1,1,1,0,1,1,0,1,0,1,0,1,0,1,1,1,1,1,1,0,1,0,0,0,1,0,1,1
188,San Francisco,Downtown,1052,Villa,198545,7,4,0,0,0,0,1,1,1,0,0,1,1,0,0,1,1,0,0,1,1,1,1,1,1,0,1,0,0,0,1
189,New York,Hillside,370,Apartment,56152,5,3,0,1,0,1,0,1,1,0,0,0,1,1,0,0,0,1,0,1,1,0,0,0,0,1,1,1,1,1,1
190,New York,Lakeview,460,Villa,83799,6,4,1,1,1,0,1,1,0,1,1,0,1,0,1,0,1,1,1,1,1,0,0,1,0,1,1,1,0,1,1
191,New York,Beachfront,843,Villa,155224,1,3,0,1,1,1,1,1,1,1,1,0,1,1,1,1,1,1,1,0,0,0,1,1,1,0,0,0,0,1,1
192,Miami,Beachfront,470,Villa,98740,2,5,1,1,1,0,1,1,0,0,0,1,1,1,0,0,1,1,1,1,0,1,1,1,1,0,0,1,0,1,1
193,San Francisco,Lakeview,552,Apartment,99286,7,3,0,0,1,0,1,0,1,0,1,0,0,1,0,0,0,0,0,1,1,1,1,0,0,1,0,0,0,0,1
194,Los Angeles,Lakeview,490,Villa,158140,1,4,1,0,1,0,0,0,0,0,0,1,0,1,1,1,1,0,1,0,0,0,1,0,0,1,1,1,1,0,0
195,Chicago,Downtown,720,Villa,134940,5,1,1,0,0,0,1,1,0,1,1,0,1,0,0,1,0,1,0,0,0,1,1,1,0,1,1,1,1,1,1
196,San Francisco,Suburb,647,Apartment,148864,6,1,0,1,1,1,1,1,0,1,0,0,1,1,0,1,0,1,1,0,1,0,1,1,1,0,1,0,0,1,1
197,Los Angeles,Lakeview,1164,Apartment,104035,3,1,0,1,0,1,1,1,0,1,0,0,1,0,1,0,1,1,0,1,0,1,1,1,1,1,0,0,0,1,1
198,Los Angeles,Suburb,965,Apartment,144674,2,6,1,0,1,1,0,1,1,0,1,0,1,0,1,1,1,1,0,1,1,0,0,1,1,0,0,1,1,0,1
199,Miami,Hillside,943,Villa,109230,3,4,1,1,1,1,0,1,1,1,0,0,1,0,1,1,1,1,0,1,0,0,1,0,0,0,0,1,0,1,0
200,Chicago,Hillside,1002,Apartment,186397,4,5,0,0,1,1,1,1,0,0,1,0,1,0,0,0,0,0,1,1,1,1,1,1,1,1,0,1,0,0,0
201,San Francisco,Suburb,393,Apartment,90634,7,6,1,1,0,1,0,1,1,1,1,1,1,1,0,1,0,1,1,0,1,1,0,1,1,1,0,0,1,1,0
202,Los Angeles,Beachfront,1007,Apartment,111828,1,5,0,0,0,0,0,0,0,0,1,1,1,1,1,1,0,1,0,0,1,1,1,1,0,0,1,1,1,1,1
203,Los Angeles,Hillside,929,Apartment,193901,2,2,0,1,0,0,0,0,0,1,1,0,0,1,1,1,1,0,0,1,0,1,1,0,0,1,1,0,1,0,1
204,San Francisco,Hillside,1064,Apartment,112665,5,6,0,1,0,0,0,0,0,1,1,0,1,0,0,1,1,0,1,0,0,1,1,0,1,0,1,1,0,0,0
205,Miami,Suburb,1036,Apartment,96158,4,2,0,0,0,1,0,1,1,0,0,1,0,0,0,0,1,0,1,1,0,0,0,0,1,0,1,0,0,1,1
206,Miami,Beachfront,447,Apartment,115312,5,4,1,1,0,1,1,0,0,0,0,0,1,1,0,0,1,1,0,0,0,1,1,1,1,0,1,1,0,0,1
207,San Francisco,Beachfront,1046,Villa,187129,2,3,1,0,1,0,0,1,0,0,1,0,0,0,0,1,0,1,0,1,1,0,0,1,0,0,0,1,1,1,1
208,San Francisco,Beachfront,896,Villa,151038,5,3,1,1,0,0,1,1,0,1,1,0,0,1,0,1,0,1,1,1,1,1,0,1,0,0,0,1,1,1,0
209,San Francisco,Lakeview,1027,Villa,104261,1,5,1,0,0,1,1,0,1,0,0,0,0,0,1,1,1,1,0,0,1,0,1,1,0,0,0,1,1,0,1
210,Los Angeles,Downtown,1170,Apartment,127232,7,2,1,1,0,1,0,0,0,1,1,1,0,0,0,0,1,1,0,1,0,1,1,1,0,1,0,1,0,0,1
211,Miami,Beachfront,1042,Apartment,67496,6,5,0,1,1,0,0,1,0,0,1,1,1,1,1,0,0,1,0,1,1,1,1,1,0,0,0,0,1,1,1
212,Chicago,Hillside,564,Villa,180183,2,4,0,1,0,0,0,0,1,0,1,1,0,1,1,0,1,1,0,1,1,0,0,1,0,1,0,1,0,0,0
213,Los Angeles,Beachfront,303,Apartment,81923,2,2,0,0,0,1,1,1,1,1,1,0,0,1,1,0,0,1,1,1,0,1,1,0,1,0,0,1,0,0,1
214,San Francisco,Suburb,939,Villa,59764,4,3,1,1,0,0,0,1,0,0,1,1,0,0,0,1,1,1,0,1,0,0,0,0,1,0,0,1,0,1,1
215,Chicago,Suburb,1081,Apartment,99833,1,5,0,1,0,0,1,1,0,0,1,0,1,1,1,0,1,1,1,0,1,1,0,1,1,0,0,0,1,0,0
216,Miami,Lakeview,720,Apartment,156903,6,5,0,1,0,0,1,1,1,1,0,1,1,0,1,1,0,1,1,1,1,0,0,0,1,1,0,0,1,0,0
217,Miami,Beachfront,803,Villa,54005,6,3,0,0,0,0,1,1,0,0,1,1,0,0,0,0,0,0,1,1,1,0,1,1,0,0,0,0,1,0,1
218,Chicago,Hillside,593,Apartment,76606,3,1,1,1,0,1,1,1,1,0,0,1,1,0,1,0,0,0,0,0,1,1,1,1,0,0,1,1,1,0,0
219,San Francisco,Suburb,358,Apartment,174695,2,1,0,1,0,1,1,1,0,1,1,0,1,0,1,0,1,0,1,0,1,1,1,1,1,1,0,0,0,0,1
220,Miami,Downtown,842,Apartment,95357,7,3,0,1,0,1,1,1,1,1,1,0,0,0,0,1,0,0,0,1,1,0,1,1,0,1,0,1,1,0,0
221,Los Angeles,Hillside,338,Apartment,196097,2,2,0,0,1,0,1,0,1,1,1,1,0,0,0,0,1,0,1,0,0,1,0,0,0,1,0,1,0,0,0
222,San Francisco,Hillside,880,Apartment,107373,1,7,0,0,0,0,0,0,0,0,1,0,0,1,1,0,0,1,1,0,1,1,0,1,0,1,0,1,1,0,0
223,New York,Beachfront,528,Apartment,166758,2,4,0,0,0,1,0,1,0,0,0,0,1,1,0,1,0,0,1,0,0,0,0,0,1,0,0,1,1,0,1
224,Los Angeles,Lakeview,613,Apartment,199978,6,6,0,1,0,0,1,1,1,1,0,1,1,0,0,1,0,0,0,0,1,1,0,1,0,0,0,0,0,1,1
225,Chicago,Hillside,556,Villa,163370,7,7,1,0,0,1,0,0,1,1,0,1,1,0,1,1,1,1,1,1,0,1,1,1,1,0,1,0,1,0,1
226,New York,Hillside,355,Apartment,173947,1,6,0,0,0,0,0,0,0,1,1,0,0,0,0,0,0,0,1,1,1,0,1,1,1,1,1,0,0,0,1
227,San Francisco,Hillside,1139,Villa,195371,5,7,1,0,0,0,1,1,0,0,0,1,0,1,0,1,0,1,1,1,0,0,0,0,1,0,0,0,0,1,1
228,Miami,Suburb,920,Villa,160124,4,2,1,1,1,0,0,1,0,0,0,0,0,0,1,0,0,0,1,1,1,1,0,1,0,0,0,0,0,1,1
229,Los Angeles,Suburb,741,Apartment,60000,5,4,1,0,0,1,1,0,1,1,0,1,0,1,1,0,0,0,0,1,0,1,1,1,1,0,0,0,0,0,0
230,Chicago,Suburb,369,Apartment,136843,1,1,0,1,0,1,1,1,1,1,1,1,1,0,0,1,0,1,1,1,0,1,1,1,1,1,0,1,1,1,0
231,New York,Beachfront,1031,Villa,64461,7,3,0,1,1,1,1,1,0,0,1,1,0,1,0,0,0,1,0,1,1,1,1,1,0,0,1,1,1,0,0
232,Miami,Hillside,485,Apartment,58885,3,6,0,0,0,0,1,1,1,0,0,0,1,1,0,0,0,1,0,0,0,0,0,1,0,0,0,0,1,1,1
233,Miami,Lakeview,661,Villa,51273,7,7,1,1,1,0,1,0,1,1,1,0,1,1,0,0,1,1,1,1,0,0,1,0,0,0,1,0,1,1,1
234,Los Angeles,Beachfront,330,Villa,58800,7,4,0,1,0,0,1,0,1,0,1,0,0,1,0,1,0,0,0,0,1,1,0,0,0,1,1,1,0,0,1
235,New York,Hillside,487,Villa,125698,1,6,0,1,0,1,1,1,1,0,1,0,1,1,0,0,0,1,0,0,1,1,0,0,1,0,0,1,0,1,1
236,Miami,Lakeview,390,Apartment,61518,3,6,1,1,1,1,1,1,1,1,0,1,0,0,1,1,1,1,1,0,0,0,1,0,1,0,0,0,1,1,0
237,New York,Downtown,548,Apartment,108058,4,2,0,0,0,0,1,1,1,0,0,1,0,0,0,0,1,1,1,0,1,0,1,0,1,1,0,1,1,1,0
238,Miami,Hillside,348,Villa,107774,2,2,1,0,0,0,0,1,0,0,1,1,0,1,1,0,1,0,0,1,1,0,0,1,1,1,0,1,1,1,0
239,San Francisco,Downtown,400,Apartment,70695,3,1,0,1,1,1,0,1,1,1,1,1,0,1,0,1,1,0,1,1,1,0,0,0,0,0,1,1,0,0,0
240,San Francisco,Hillside,1098,Apartment,116904,2,5,1,1,1,1,0,0,0,1,1,1,0,0,1,1,1,0,0,0,0,1,0,1,0,0,1,0,0,0,0
241,Los Angeles,Downtown,1035,Apartment,177650,5,6,0,0,1,0,0,1,1,1,1,0,0,1,1,0,1,1,0,0,0,0,0,1,0,0,1,0,1,1,1
242,San Francisco,Beachfront,481,Villa,119716,1,2,0,1,0,1,0,0,1,0,0,1,1,1,1,1,0,1,1,0,0,1,0,0,1,1,1,1,1,0,1
243,San Francisco,Hillside,411,Villa,96020,6,5,0,1,0,0,1,0,1,0,0,0,0,1,0,1,0,1,0,0,0,1,1,1,0,0,0,1,0,1,0
244,Chicago,Lakeview,486,Apartment,79712,4,7,1,0,0,1,0,1,0,0,0,1,0,0,0,1,0,0,0,0,0,1,0,1,1,1,0,0,1,1,0
245,Chicago,Lakeview,489,Villa,111125,5,4,0,0,0,0,1,0,0,0,1,0,1,1,1,1,0,1,1,0,0,1,0,0,1,1,1,1,0,0,1
246,Miami,Hillside,773,Villa,157274,6,1,0,1,1,0,0,0,1,1,0,0,0,1,0,0,1,0,0,0,1,1,0,1,1,0,0,0,0,1,1
247,Chicago,Suburb,841,Villa,86340,3,6,1,1,0,0,1,0,0,0,1,1,1,1,1,0,0,0,0,1,0,0,0,0,0,1,0,0,1,0,1
248,Los Angeles,Suburb,586,Apartment,54334,1,1,1,0,0,0,1,1,0,1,1,0,0,1,1,0,0,0,0,1,1,1,1,1,0,0,0,1,1,0,1
249,San Francisco,Downtown,838,Villa,125626,1,1,1,0,1,1,1,0,0,1,1,1,0,0,0,0,1,1,0,0,0,1,1,1,1,1,1,1,0,0,1
250,New York,Suburb,1083,Apartment,68396,7,7,1,1,1,1,0,1,1,0,1,1,1,0,1,1,0,0,0,0,1,0,1,1,0,1,0,0,1,0,0
251,San Francisco,Downtown,433,Apartment,109778,6,5,0,0,0,0,1,0,1,1,1,1,0,1,0,0,1,0,1,1,1,0,1,0,1,1,0,0,1,1,0
252,San Francisco,Hillside,699,Villa,156425,2,4,1,1,1,0,1,0,1,1,1,0,1,1,1,1,1,0,1,0,1,1,0,0,0,0,1,0,1,0,0
253,Los Angeles,Lakeview,1015,Apartment,92684,2,5,0,0,1,0,1,1,0,0,0,1,0,0,1,0,1,0,1,1,1,1,0,1,0,1,1,0,0,1,1
254,San Francisco,Beachfront,947,Villa,125600,5,4,0,0,0,1,0,1,0,0,1,1,1,0,1,0,0,1,1,0,0,0,0,1,1,1,0,1,1,0,0
255,Chicago,Hillside,1112,Villa,112638,7,5,0,0,1,1,1,0,1,1,0,1,1,1,1,0,0,1,0,0,0,0,0,1,0,1,0,1,1,1,0
256,Los Angeles,Downtown,489,Villa,182614,2,6,1,1,0,1,1,1,1,0,1,0,1,1,1,0,1,1,0,0,0,0,1,0,1,0,1,1,0,0,1
257,San Francisco,Lakeview,313,Villa,146261,2,7,0,0,0,1,1,1,0,0,1,0,1,0,1,0,1,1,0,1,1,1,0,0,1,1,0,1,0,1,0
258,San Francisco,Lakeview,874,Apartment,140486,4,3,1,0,0,1,0,1,1,0,1,1,1,1,0,1,1,0,0,0,1,0,1,1,1,1,1,0,0,0,0
259,New York,Downtown,407,Villa,85142,5,7,0,0,1,0,0,1,0,1,0,0,0,0,1,1,0,0,1,0,1,0,1,0,0,1,0,0,0,0,1
260,Chicago,Suburb,576,Villa,52584,7,1,0,0,1,0,1,0,0,0,0,1,1,1,0,1,0,0,0,1,1,1,1,0,1,1,1,0,1,0,1
261,Los Angeles,Hillside,1089,Apartment,106576,5,7,0,1,1,1,0,1,1,0,1,1,0,0,0,0,0,1,0,0,1,1,1,0,0,1,0,1,1,0,0
262,New York,Downtown,933,Apartment,92083,3,1,1,0,1,1,0,0,1,1,0,1,0,0,0,1,0,1,0,0,0,0,1,1,0,0,0,0,1,1,0
263,Miami,Lakeview,1026,Villa,123588,6,5,0,1,0,0,0,1,0,1,1,0,0,0,0,1,0,1,1,0,1,0,1,0,0,1,1,0,1,0,1
264,Los Angeles,Hillside,1135,Apartment,162163,7,7,0,1,0,1,1,1,1,1,1,1,0,1,0,1,1,1,1,0,1,1,0,0,1,0,1,0,0,0,1
265,Los Angeles,Hillside,975,Apartment,173929,2,4,0,1,1,1,0,1,0,0,1,1,0,1,1,0,1,1,1,1,0,1,1,0,0,1,1,1,1,0,1
266,New York,Suburb,717,Apartment,51216,5,6,0,1,0,1,1,0,1,1,1,1,1,1,0,0,1,0,0,0,1,0,1,0,1,0,1,0,1,1,0
267,Chicago,Beachfront,1015,Villa,199738,6,2,1,0,0,1,1,1,0,0,0,1,0,0,1,0,0,0,1,0,0,1,0,1,1,1,1,1,1,1,1
268,Miami,Lakeview,1003,Apartment,72234,3,3,0,0,1,1,1,0,0,0,0,0,1,1,0,1,1,0,1,1,1,0,1,0,1,0,0,1,1,0,1
269,Chicago,Beachfront,588,Apartment,99561,7,3,0,1,1,1,1,0,1,1,0,0,0,0,1,1,1,0,0,1,0,0,1,0,0,1,1,0,0,1,1
270,Chicago,Lakeview,876,Apartment,133736,3,5,0,0,1,1,1,0,0,0,0,1,0,0,0,1,0,0,1,1,1,0,0,0,0,1,1,1,1,1,1
271,Miami,Lakeview,547,Villa,178988,5,5,1,0,0,1,0,0,0,0,0,1,0,1,1,1,1,0,1,1,1,1,0,0,1,0,0,1,0,1,1
272,Miami,Downtown,729,Villa,152577,3,2,0,1,1,0,1,0,0,1,1,1,0,1,1,0,0,0,1,0,1,0,1,0,1,1,0,0,1,1,1
273,New York,Downtown,358,Apartment,164063,5,2,1,0,1,0,0,0,0,0,0,0,1,1,0,0,1,1,0,1,1,0,0,1,0,0,1,1,1,0,0
274,Chicago,Lakeview,584,Villa,150863,6,4,1,1,1,0,1,0,1,0,1,1,0,0,1,1,1,1,1,1,0,0,1,1,0,1,0,0,1,1,1
275,Los Angeles,Downtown,1111,Villa,80944,7,4,1,0,1,0,1,1,0,1,0,0,0,0,0,1,0,0,0,0,0,0,1,0,1,0,0,0,1,0,1
276,Chicago,Beachfront,1109,Apartment,148321,4,1,1,0,1,0,1,0,1,0,1,0,0,1,0,1,1,0,1,0,1,1,1,1,0,1,0,0,1,0,0
277,San Francisco,Hillside,526,Apartment,193910,3,1,1,0,1,0,0,1,0,0,0,1,0,1,1,1,1,1,1,0,1,0,1,1,0,1,1,0,0,1,0
278,Los Angeles,Downtown,804,Apartment,105845,5,1,1,1,1,0,1,1,1,1,1,1,1,0,1,1,1,0,0,1,1,1,0,0,0,1,1,0,0,0,1
279,Chicago,Downtown,873,Apartment,178401,3,1,0,1,1,1,1,0,0,0,0,0,1,0,0,0,0,1,1,1,1,0,1,1,1,1,0,0,0,0,0
280,San Francisco,Lakeview,430,Villa,89992,7,6,1,1,1,1,0,0,1,0,1,1,1,1,0,0,1,0,0,0,1,0,0,0,1,0,1,1,1,0,1
281,Miami,Suburb,881,Villa,134302,7,1,0,1,0,1,0,0,0,0,0,1,0,0,1,0,0,1,0,1,1,0,1,0,1,0,0,0,0,1,0
282,Chicago,Downtown,682,Apartment,111563,5,3,1,1,0,0,0,0,0,0,1,0,1,1,0,0,0,1,1,1,0,0,1,1,1,0,1,0,0,1,1
283,New York,Lakeview,583,Villa,60871,6,4,0,0,1,0,0,0,0,1,0,0,0,1,0,0,0,1,0,0,1,1,0,1,0,1,1,1,1,1,1
284,San Francisco,Beachfront,1133,Villa,165262,3,3,1,0,1,1,0,0,1,1,0,0,0,1,0,0,1,0,1,1,0,1,1,1,0,1,1,0,1,1,0
285,New York,Hillside,785,Villa,180102,5,2,1,1,0,1,0,0,1,1,1,0,0,1,0,0,1,1,1,0,1,1,1,0,0,1,0,0,1,0,0
286,San Francisco,Downtown,728,Apartment,93605,4,3,0,0,0,1,1,1,0,0,0,1,1,1,1,1,1,1,0,0,1,1,1,0,0,1,0,0,0,0,1
287,Miami,Suburb,1069,Villa,155777,6,4,1,1,1,0,1,1,1,1,1,0,0,0,0,1,1,1,1,0,1,1,1,1,0,1,1,1,0,1,1
288,Los Angeles,Suburb,1189,Apartment,150747,6,2,0,1,0,1,1,1,1,1,0,0,0,0,1,0,0,0,0,0,1,1,1,1,1,0,1,0,1,0,1
289,New York,Hillside,990,Villa,186721,3,1,1,1,0,1,0,1,1,0,0,0,0,1,0,1,1,0,1,1,0,0,1,0,0,1,0,0,1,1,1
290,Miami,Beachfront,1150,Apartment,50075,5,6,1,1,1,0,1,0,0,0,1,1,1,1,0,0,0,0,1,1,1,1,0,0,1,0,1,1,0,0,0
291,Los Angeles,Suburb,887,Apartment,188162,3,1,1,1,1,0,0,1,0,1,0,0,0,0,0,0,0,0,0,0,1,1,1,1,0,1,0,1,1,0,1
292,Los Angeles,Lakeview,576,Apartment,145216,3,1,1,0,0,1,0,1,0,1,1,0,1,1,1,1,1,0,1,0,1,1,0,1,0,1,0,1,1,1,1
293,Chicago,Beachfront,1021,Apartment,194065,7,5,0,1,1,0,1,1,1,0,0,0,0,1,0,0,1,1,0,0,1,0,1,0,1,0,1,1,0,1,1
294,San Francisco,Beachfront,876,Apartment,55470,7,7,0,0,1,1,1,0,0,1,0,1,1,1,0,0,1,1,0,0,1,1,0,0,0,1,1,0,0,0,0
295,Los Angeles,Downtown,1051,Apartment,130698,7,3,1,1,0,1,0,1,0,0,0,1,1,0,1,1,1,1,1,1,0,0,0,1,0,1,0,0,0,0,0
296,Los Angeles,Downtown,740,Apartment,111621,7,4,0,0,0,0,1,1,1,1,1,0,1,1,0,0,1,1,0,0,0,0,1,0,1,1,1,1,0,0,0
297,Miami,Hillside,402,Villa,86521,3,4,1,1,0,0,0,1,0,0,1,1,0,0,0,1,1,1,0,0,1,0,0,1,1,1,1,0,1,0,1
298,Miami,Beachfront,970,Apartment,93315,1,3,0,0,0,0,0,1,1,0,0,1,1,1,0,1,0,0,1,0,1,1,0,0,1,1,0,1,0,1,1
299,Los Angeles,Downtown,541,Apartment,122798,2,3,0,0,1,0,1,0,0,0,1,1,1,0,0,1,0,0,0,0,0,0,1,0,0,1,0,1,0,0,1
300,Miami,Downtown,651,Villa,100521,5,5,1,1,1,1,1,1,0,1,1,0,1,0,0,1,1,1,1,1,1,1,1,0,0,0,1,0,0,0,1
301,San Francisco,Hillside,756,Villa,72826,1,7,0,1,1,1,1,1,0,0,0,1,1,0,1,1,1,1,1,0,1,0,1,0,0,1,1,1,1,0,1
302,Chicago,Downtown,563,Apartment,76475,5,2,1,0,0,0,1,0,1,1,1,1,0,1,1,0,0,0,0,1,1,0,1,1,1,0,0,0,0,1,1
303,Chicago,Lakeview,1047,Villa,196348,3,7,1,0,1,1,0,1,0,0,0,0,1,1,1,1,1,0,1,1,1,1,0,0,0,0,1,1,0,1,0
304,Miami,Beachfront,632,Apartment,107336,1,7,0,0,0,1,1,0,0,1,0,1,0,1,1,0,0,1,1,1,0,1,1,0,0,1,0,1,1,0,1
305,San Francisco,Hillside,895,Apartment,166602,6,5,0,0,1,1,0,1,0,0,0,0,0,1,1,1,0,0,0,0,0,0,1,1,1,0,1,1,0,1,1
306,Chicago,Downtown,467,Apartment,54470,5,6,1,0,0,1,0,0,0,1,0,1,1,1,0,0,1,0,0,1,0,1,1,1,1,0,1,1,1,1,0
307,Los Angeles,Downtown,870,Villa,147814,6,6,0,1,1,1,0,1,0,0,0,1,1,0,1,0,1,1,0,1,0,1,1,1,1,0,1,1,0,1,1
308,Chicago,Beachfront,964,Villa,81393,2,6,1,1,0,0,1,0,1,1,1,1,1,1,0,1,0,0,1,0,0,0,1,0,0,0,1,1,0,1,1
309,New York,Beachfront,468,Villa,130042,2,5,1,1,0,1,1,1,1,1,0,1,1,1,1,1,1,1,0,1,0,1,1,0,1,0,1,1,0,1,1
310,Miami,Lakeview,968,Apartment,58468,4,3,0,1,0,0,1,0,0,0,1,0,1,0,0,1,0,1,0,0,0,1,0,1,0,1,1,1,1,1,0
311,Chicago,Hillside,1190,Apartment,174993,2,2,1,1,0,0,0,0,1,0,1,0,0,0,1,1,1,0,1,0,1,1,1,1,0,0,0,1,0,1,0
312,New York,Hillside,1043,Apartment,149184,7,5,1,1,1,1,0,0,0,0,0,0,1,0,1,0,1,1,0,1,1,1,1,0,0,0,0,1,0,1,0
313,New York,Lakeview,698,Apartment,162783,1,4,1,0,0,1,1,1,0,0,0,0,0,1,1,0,0,0,1,0,1,1,0,0,1,0,0,1,0,0,1
314,San Francisco,Downtown,636,Apartment,106415,7,2,0,1,1,1,0,1,0,1,0,1,0,1,0,0,0,1,0,0,1,1,1,1,0,0,1,1,0,0,1
315,Los Angeles,Beachfront,861,Apartment,144034,7,6,1,0,1,0,0,0,0,1,0,1,1,0,1,1,0,1,0,0,0,0,1,0,0,0,1,0,0,0,0
316,Miami,Suburb,610,Apartment,110267,5,4,1,0,0,1,1,0,0,0,0,1,1,1,1,1,0,0,1,0,1,1,1,0,1,0,0,0,0,0,1
317,Chicago,Downtown,753,Villa,98357,2,5,0,1,1,1,0,0,0,0,0,0,0,1,0,0,1,0,0,0,1,1,0,0,1,0,1,1,0,1,0
318,Miami,Suburb,677,Apartment,140892,5,2,1,0,1,0,1,1,1,1,0,0,1,0,1,1,0,0,1,1,0,1,0,1,1,1,1,0,0,0,0
319,San Francisco,Beachfront,426,Apartment,159880,7,7,0,0,1,1,1,0,0,0,0,1,0,1,0,0,1,0,1,1,1,1,0,0,1,0,1,1,0,0,1
320,Los Angeles,Beachfront,1123,Villa,107915,2,1,0,0,1,1,0,0,0,1,1,0,1,1,1,0,1,1,1,0,1,0,0,1,0,1,1,0,1,0,1
321,New York,Suburb,787,Villa,160245,4,3,0,1,0,1,0,0,1,1,0,1,0,0,1,0,0,1,0,1,0,1,0,1,1,0,0,0,1,0,0
322,San Francisco,Beachfront,988,Villa,189590,4,1,0,0,0,0,0,1,0,0,0,1,0,1,1,0,0,0,0,0,1,0,0,1,1,1,1,1,0,1,0
323,Los Angeles,Hillside,603,Villa,186509,4,2,1,0,1,1,0,0,0,1,0,1,0,0,1,0,1,1,0,1,1,0,0,1,1,0,0,1,1,0,1
324,Los Angeles,Beachfront,1105,Villa,133886,2,7,0,1,0,1,1,0,1,1,0,1,0,0,1,1,0,1,1,0,0,0,0,1,1,1,1,1,0,1,0
325,New York,Downtown,419,Apartment,153657,1,6,1,0,1,1,1,1,1,1,0,0,1,0,0,0,0,0,1,0,0,0,1,0,1,1,0,0,0,0,0
326,New York,Downtown,886,Apartment,151005,3,1,0,1,0,0,0,1,1,0,0,0,0,1,0,1,1,1,0,1,0,1,1,1,1,0,0,0,1,1,1
327,New York,Beachfront,787,Apartment,167432,1,1,0,1,0,0,1,0,1,0,1,1,1,0,0,0,1,0,1,1,1,1,0,0,1,0,0,0,1,0,1
328,Chicago,Downtown,512,Apartment,132039,5,5,0,1,0,0,0,1,1,1,1,1,1,1,1,1,0,0,1,0,0,1,1,1,1,0,0,0,1,1,1
329,Miami,Hillside,902,Villa,72320,5,2,0,0,1,1,1,1,0,0,1,1,1,0,0,0,0,1,0,0,0,0,0,1,1,0,0,1,1,0,0
330,San Francisco,Downtown,973,Villa,78054,2,4,0,1,0,1,1,1,1,1,0,0,1,1,1,1,0,0,0,1,1,1,0,0,1,0,1,1,0,0,0
331,San Francisco,Suburb,549,Villa,169367,4,2,0,0,1,1,0,1,0,1,1,0,1,1,1,0,0,0,0,0,0,0,1,1,0,0,1,0,0,0,0
332,New York,Downtown,977,Villa,59014,3,6,1,1,0,1,1,1,0,1,1,0,1,1,1,1,0,0,1,1,0,0,0,0,0,0,0,0,0,0,1
333,New York,Downtown,1158,Apartment,60632,6,4,1,1,1,0,0,0,1,1,0,0,0,1,0,1,0,0,0,0,1,1,0,0,0,0,0,1,0,1,0
334,Los Angeles,Downtown,916,Apartment,159935,2,1,1,0,0,1,0,1,1,0,0,0,0,1,0,1,0,0,1,1,1,0,0,1,1,0,0,1,0,1,0
335,New York,Lakeview,353,Villa,196627,3,2,1,1,0,1,1,1,0,1,0,0,0,0,1,0,1,0,0,0,0,0,1,1,0,0,0,0,0,0,1
336,Los Angeles,Suburb,412,Villa,68809,4,5,1,0,1,0,1,1,1,1,0,1,0,1,0,0,0,0,0,0,0,0,1,1,0,0,1,1,0,1,1
337,Chicago,Lakeview,406,Villa,172353,7,6,1,0,0,1,0,0,1,0,0,0,1,0,1,0,0,0,1,1,0,1,0,1,1,1,0,1,1,1,1
338,New York,Hillside,556,Villa,81110,7,7,1,1,1,1,1,1,0,0,1,1,1,0,1,0,1,1,0,0,1,1,0,0,0,1,1,1,0,1,0
339,San Francisco,Hillside,711,Villa,186447,6,7,0,1,0,1,0,1,1,0,1,1,0,1,1,0,0,1,0,1,0,0,1,1,1,1,0,1,0,0,1
340,San Francisco,Beachfront,563,Villa,170823,5,3,0,0,0,1,0,1,0,1,1,0,0,1,0,1,1,1,1,1,1,1,1,1,1,1,0,1,1,1,1
341,Miami,Suburb,323,Apartment,83463,4,6,1,1,1,0,0,1,1,0,0,1,1,1,1,0,1,0,1,0,0,1,1,1,0,0,1,0,0,1,1
342,Chicago,Suburb,1112,Apartment,177866,4,5,1,1,1,0,1,0,1,1,0,1,0,1,1,0,1,1,0,0,0,0,1,1,1,0,0,1,0,0,0
343,New York,Lakeview,871,Villa,186191,1,2,1,0,0,1,1,0,1,0,1,0,1,0,1,1,1,0,0,0,1,1,1,0,0,0,0,0,1,1,0
344,New York,Beachfront,1028,Villa,150145,2,5,1,0,0,1,1,0,1,1,0,0,1,0,0,1,0,1,1,0,1,0,1,1,1,0,0,0,0,0,0
345,Miami,Hillside,517,Villa,59518,5,2,0,1,1,0,1,1,1,0,0,1,0,1,1,1,1,1,1,1,1,0,0,1,0,0,1,0,1,1,1
346,Miami,Beachfront,546,Apartment,68824,7,1,1,1,1,1,1,0,1,0,1,1,1,1,1,1,0,0,0,1,0,1,1,1,1,1,1,1,1,0,1
347,New York,Hillside,392,Apartment,185862,7,3,1,1,1,1,1,1,1,0,1,0,1,0,0,1,1,1,0,1,1,1,0,1,0,0,0,0,0,0,1
348,Miami,Lakeview,404,Villa,56313,7,7,0,1,1,1,0,1,0,0,0,1,0,1,1,1,0,1,1,0,1,1,1,0,1,0,0,1,1,1,0
349,Chicago,Suburb,1192,Villa,187678,6,4,1,0,1,1,0,0,0,1,1,0,1,1,1,1,1,1,1,0,1,1,0,0,1,0,1,1,1,1,0
350,Miami,Downtown,653,Apartment,52595,1,4,1,0,0,1,1,1,0,0,1,1,1,1,0,1,0,1,0,0,0,1,1,0,0,1,1,1,0,0,1
351,San Francisco,Lakeview,615,Apartment,78438,6,2,0,0,1,1,1,0,0,0,1,1,1,0,0,1,1,1,1,1,0,0,0,0,1,1,0,1,0,1,0
352,Chicago,Lakeview,1025,Apartment,173675,6,4,0,0,0,1,1,0,1,1,0,1,0,0,0,1,1,1,0,1,0,0,0,0,1,0,0,0,0,0,0
353,New York,Suburb,864,Apartment,102599,6,4,0,1,1,0,0,0,1,1,0,1,1,0,1,1,0,0,0,0,0,1,1,1,1,0,1,1,0,0,0
354,Miami,Suburb,647,Villa,82876,4,2,1,0,0,1,1,1,0,0,1,0,1,1,0,1,0,1,1,0,0,0,0,0,1,1,0,1,1,1,1
355,Chicago,Hillside,1064,Apartment,123149,2,6,0,1,1,0,1,0,1,1,0,0,0,1,1,1,0,1,0,1,0,1,0,1,0,1,0,1,1,1,0
356,New York,Downtown,1056,Apartment,180280,6,2,0,1,1,0,0,0,0,1,1,1,0,0,1,0,1,0,0,1,1,1,0,0,0,1,1,1,0,1,1
357,Los Angeles,Downtown,1049,Villa,189526,1,3,1,0,0,1,0,1,1,1,0,1,1,1,1,0,1,1,0,0,0,1,0,0,0,0,0,1,1,0,0
358,Miami,Beachfront,363,Villa,147035,3,5,1,0,0,0,0,1,0,1,0,1,0,1,1,1,1,0,0,0,1,0,0,1,1,1,1,0,1,0,0
359,San Francisco,Beachfront,444,Villa,112313,5,6,1,1,1,0,1,1,0,1,0,1,0,1,1,1,1,1,1,1,0,1,1,1,0,1,0,0,0,0,1
360,San Francisco,Suburb,825,Villa,85960,7,2,0,1,1,1,1,1,1,1,1,0,0,0,0,1,0,0,1,1,1,0,1,0,1,0,0,0,0,0,0
361,New York,Beachfront,345,Villa,195245,2,1,0,1,0,0,0,1,1,0,0,1,0,1,1,0,0,1,0,1,0,0,1,0,1,0,1,0,0,1,0
362,Los Angeles,Downtown,567,Apartment,137000,6,2,1,1,1,1,0,1,0,1,0,0,1,0,0,1,1,1,1,1,0,1,1,0,0,1,1,1,1,1,0
363,Miami,Lakeview,701,Apartment,57940,4,7,1,0,1,1,0,1,0,1,1,0,0,0,0,1,0,1,1,1,1,1,0,0,0,0,0,1,1,0,1
364,San Francisco,Lakeview,545,Villa,96067,4,2,1,1,1,1,1,0,1,0,0,0,1,0,0,0,1,0,1,1,0,1,0,0,0,0,1,1,0,0,1
365,San Francisco,Hillside,769,Apartment,60192,6,2,1,1,1,1,0,1,1,0,0,1,0,0,1,0,1,1,0,1,0,0,1,0,0,1,1,1,0,0,1
366,San Francisco,Downtown,656,Apartment,93761,1,7,1,0,1,1,1,0,0,1,1,0,1,0,0,0,0,0,1,0,1,0,0,1,1,0,0,0,0,1,1
367,New York,Hillside,1090,Apartment,175500,3,1,1,0,0,0,1,0,1,1,1,0,0,1,1,1,1,1,0,1,1,1,0,1,0,0,1,0,0,0,0
368,Los Angeles,Beachfront,561,Villa,140410,3,1,0,0,0,0,0,1,0,1,0,1,0,1,0,1,1,1,0,0,1,0,0,0,0,0,0,1,0,0,1
369,Chicago,Suburb,1039,Apartment,127831,3,3,0,1,0,0,1,0,0,1,0,0,1,1,0,0,0,1,1,0,1,0,1,0,0,0,1,0,0,1,0
370,Miami,Hillside,1154,Villa,140662,1,3,0,0,1,1,1,1,1,1,1,1,0,0,0,0,1,1,0,0,0,0,0,0,0,1,1,0,1,0,0
371,Chicago,Lakeview,789,Villa,187953,1,1,1,1,0,1,0,1,1,1,1,1,0,0,0,1,1,1,0,1,1,1,0,1,0,0,1,1,1,0,1
372,Chicago,Downtown,1148,Villa,175753,3,6,1,1,1,0,0,0,0,1,0,1,0,0,1,1,0,0,1,0,0,0,1,0,0,0,0,1,0,0,1
373,Miami,Downtown,841,Villa,171405,3,7,0,1,1,1,0,0,0,0,0,0,0,0,0,1,0,0,0,1,0,1,0,0,0,1,1,0,0,0,1
374,Miami,Hillside,342,Villa,131644,5,4,0,0,0,0,1,0,1,1,1,1,1,0,0,1,0,0,1,0,1,0,0,1,0,1,1,0,0,1,1
375,San Francisco,Lakeview,670,Apartment,113589,4,5,0,0,0,1,0,0,1,1,1,0,0,0,0,0,1,1,1,1,0,0,0,1,0,0,1,0,1,0,1
376,Los Angeles,Hillside,624,Villa,68401,6,3,1,0,0,0,0,0,0,1,0,1,1,1,1,1,1,1,1,0,1,0,1,0,0,1,0,1,1,1,0
377,New York,Downtown,811,Apartment,114465,1,2,1,1,0,0,0,1,1,0,1,0,1,1,1,0,0,1,1,0,1,0,1,1,1,0,0,1,0,1,0
378,Los Angeles,Lakeview,546,Apartment,80662,7,1,0,1,1,1,1,1,1,0,1,0,0,1,0,1,1,1,1,1,1,0,0,1,1,0,1,0,0,1,0
379,Chicago,Downtown,323,Apartment,124181,1,5,0,0,0,1,0,1,1,0,1,1,1,0,1,1,0,0,0,1,1,0,0,1,0,0,1,0,1,1,0
380,Los Angeles,Downtown,809,Apartment,90286,3,3,0,1,0,0,1,0,1,1,0,0,0,0,1,0,1,1,0,1,1,0,1,1,1,1,0,0,0,0,0
381,San Francisco,Downtown,345,Apartment,50599,5,3,1,0,1,1,1,0,0,0,0,1,1,1,0,0,0,1,0,1,1,1,1,1,1,1,1,0,1,1,1
382,Chicago,Suburb,563,Villa,194128,1,7,1,1,0,1,1,1,1,1,0,1,0,1,1,0,0,1,0,1,1,1,0,1,1,0,0,1,1,0,1
383,San Francisco,Downtown,990,Apartment,136733,4,7,0,1,0,0,1,0,0,1,0,0,0,0,1,1,1,0,1,1,0,1,0,0,0,0,0,0,0,0,0
384,New York,Lakeview,585,Apartment,50270,6,6,0,1,1,0,0,1,0,1,0,1,0,0,0,0,0,1,0,1,0,0,0,0,0,0,0,0,1,0,1
385,Los Angeles,Downtown,1176,Apartment,124404,7,2,0,0,1,1,1,0,1,1,1,0,0,1,0,1,1,0,0,1,1,1,0,0,1,1,0,1,1,0,1
386,San Francisco,Suburb,744,Apartment,81803,4,3,1,0,0,1,0,1,0,0,0,1,1,0,1,1,1,1,1,1,1,0,1,1,1,0,0,1,0,1,0
387,New York,Beachfront,858,Apartment,101585,6,7,1,0,0,1,1,1,1,1,0,0,0,1,1,1,1,0,0,1,0,1,1,1,1,1,1,0,1,0,0
388,San Francisco,Downtown,1046,Villa,81439,5,2,1,1,0,0,1,1,0,0,1,1,1,0,0,0,1,1,0,1,1,1,1,1,1,0,0,1,0,0,0
389,New York,Downtown,1031,Villa,148120,4,5,1,1,0,0,1,1,0,0,0,1,1,0,0,0,1,1,1,1,0,1,0,0,1,0,0,1,0,0,0
390,Miami,Suburb,649,Apartment,137901,7,2,1,0,0,0,1,0,1,1,1,1,1,0,0,1,0,0,0,1,1,0,1,1,0,1,1,0,1,0,0
391,Los Angeles,Suburb,697,Villa,94319,5,6,0,1,0,0,1,0,1,1,1,0,1,1,0,1,1,0,0,0,0,0,1,1,0,0,0,1,1,0,0
392,Miami,Suburb,576,Villa,94408,7,4,0,1,0,0,0,0,0,0,0,0,1,0,1,1,1,0,1,0,1,1,0,0,0,1,0,1,1,1,1
393,New York,Lakeview,856,Apartment,93459,5,3,0,0,1,1,0,0,1,0,0,0,1,0,1,1,0,1,1,0,1,1,0,1,1,0,0,1,1,0,1
394,Chicago,Suburb,486,Apartment,149191,1,3,1,1,1,1,0,1,1,0,0,1,1,1,1,0,1,1,0,1,1,1,0,1,1,1,0,0,1,0,1
395,Chicago,Hillside,566,Villa,188174,4,4,1,0,0,1,1,1,0,1,0,0,1,1,0,1,0,0,0,1,0,0,1,1,0,1,0,0,0,0,1
396,San Francisco,Downtown,1051,Apartment,147993,2,5,0,0,0,1,1,1,0,1,0,0,0,1,1,1,1,1,0,1,0,1,1,1,1,1,1,0,0,0,1
397,Los Angeles,Hillside,1145,Villa,188600,4,4,1,1,0,0,0,1,1,0,1,1,0,0,0,1,1,0,0,1,0,0,0,0,0,1,0,0,1,1,1
398,San Francisco,Beachfront,754,Apartment,184095,1,2,1,1,0,1,0,1,0,1,1,0,1,1,0,0,1,1,1,1,0,0,0,0,0,0,0,0,1,1,0
399,Chicago,Downtown,952,Villa,105307,4,2,0,0,1,0,0,0,0,0,1,0,0,1,0,1,0,0,1,0,1,1,0,0,1,0,0,1,0,0,1
400,San Francisco,Hillside,414,Apartment,188204,5,7,1,1,1,1,0,0,1,1,1,0,0,1,1,1,1,1,0,0,1,1,0,1,0,0,0,0,0,0,0
401,New York,Lakeview,340,Villa,53268,2,5,0,1,0,0,0,0,0,0,0,0,1,1,0,1,0,1,0,0,0,0,0,0,0,1,0,0,0,0,1
402,San Francisco,Beachfront,998,Apartment,124976,4,3,1,0,0,1,1,1,1,0,1,1,1,1,1,0,0,0,0,1,0,1,0,0,1,1,0,1,1,0,1
403,New York,Downtown,1026,Apartment,194790,1,4,0,1,0,1,1,1,0,1,0,0,0,1,1,1,0,0,0,0,0,1,0,1,0,1,0,0,1,0,0
404,Chicago,Downtown,456,Apartment,174183,5,2,1,0,0,1,0,0,1,0,1,1,1,0,1,1,0,0,0,1,0,1,1,0,1,0,1,1,0,1,0
405,Miami,Downtown,1074,Villa,104364,3,4,1,0,1,1,0,1,1,0,1,0,1,0,1,1,1,1,0,1,1,1,0,0,1,0,0,1,1,0,1
406,Chicago,Hillside,835,Apartment,151199,2,5,1,0,1,1,0,0,1,0,1,0,1,0,1,0,0,1,0,0,1,1,1,1,0,1,1,1,0,1,1
407,San Francisco,Suburb,953,Villa,129686,1,5,0,1,0,1,1,1,0,1,1,0,0,1,1,0,1,1,0,1,0,1,1,0,1,1,1,1,1,1,1
408,Chicago,Suburb,991,Villa,137875,2,2,1,0,0,1,1,1,0,0,0,0,1,0,0,1,0,1,0,0,0,0,1,1,1,1,0,0,0,0,0
409,San Francisco,Beachfront,379,Villa,196823,4,4,1,1,1,1,1,1,0,1,1,1,1,1,0,0,1,1,0,0,0,1,1,1,0,0,0,1,0,1,1
410,Los Angeles,Lakeview,410,Villa,55400,4,7,0,0,0,1,0,1,1,1,0,1,0,0,1,1,0,0,1,0,0,0,1,0,1,0,0,0,1,1,0
411,Los Angeles,Beachfront,772,Villa,78558,4,1,1,1,0,0,1,0,0,0,0,0,1,1,0,1,0,0,1,1,1,1,1,0,1,0,1,0,0,1,0
412,Los Angeles,Beachfront,1038,Villa,165918,6,5,0,0,0,1,0,1,0,0,0,1,1,1,0,1,1,0,0,1,0,1,0,0,1,1,0,1,1,1,0
413,Chicago,Lakeview,781,Apartment,112480,4,6,1,0,1,1,1,1,1,0,1,0,0,0,1,1,0,1,0,0,1,1,1,1,1,1,0,1,1,0,1
414,Chicago,Downtown,990,Apartment,112616,3,6,0,0,1,0,1,1,0,0,0,0,0,0,1,1,0,0,0,1,1,0,0,0,0,1,1,1,1,1,0
415,Chicago,Lakeview,480,Apartment,152746,3,4,1,1,0,1,0,1,1,1,0,0,0,1,1,0,0,1,1,0,0,1,1,0,0,0,1,0,1,1,1
416,New York,Hillside,553,Villa,92407,6,5,1,0,1,1,0,1,0,0,0,1,0,0,0,1,1,1,0,0,0,0,1,1,1,1,0,0,0,0,1
417,San Francisco,Lakeview,423,Apartment,180202,1,2,0,0,1,1,0,1,1,1,0,1,0,1,1,0,1,1,0,1,0,0,1,0,1,1,1,0,0,0,1
418,Miami,Lakeview,478,Apartment,67141,7,5,1,0,1,0,0,0,0,1,1,0,0,1,1,0,0,1,1,0,0,1,0,1,1,0,1,0,1,1,0
419,Miami,Suburb,342,Villa,143805,3,3,1,1,1,0,0,1,0,0,1,1,0,1,1,1,1,0,0,1,1,0,0,0,0,1,0,1,1,0,0
420,Los Angeles,Downtown,847,Villa,125761,6,4,1,1,0,0,0,0,0,0,1,1,1,0,0,0,1,1,0,0,0,1,1,1,1,1,1,0,1,0,1
421,San Francisco,Beachfront,633,Apartment,162146,5,6,1,1,0,1,1,0,0,1,1,1,0,1,0,0,1,1,0,1,0,0,0,0,0,1,0,0,0,0,1
422,Chicago,Beachfront,531,Villa,114186,5,7,0,1,0,1,0,0,0,0,1,0,1,1,0,0,1,0,1,0,0,0,1,1,1,1,0,1,1,1,0
423,San Francisco,Lakeview,1047,Apartment,154341,4,6,0,1,0,1,0,1,1,1,0,1,0,1,0,1,1,1,0,1,0,0,1,0,0,0,0,1,1,0,0
424,San Francisco,Lakeview,1181,Villa,76522,4,4,1,1,1,0,0,1,0,1,0,0,1,0,0,0,0,0,1,1,1,1,0,1,1,1,1,1,0,1,1
425,San Francisco,Beachfront,830,Villa,143181,4,2,1,1,0,1,0,0,0,0,1,1,1,0,0,0,0,0,0,0,0,0,1,1,1,1,1,0,1,1,1
426,Los Angeles,Lakeview,704,Apartment,117190,3,6,1,0,0,1,0,0,1,1,0,0,0,1,1,1,0,0,1,0,0,0,1,1,1,0,1,1,1,1,1
427,Los Angeles,Beachfront,586,Apartment,119605,5,5,1,0,1,1,0,0,1,0,1,1,1,1,0,0,1,1,0,0,1,0,1,1,0,1,0,1,0,0,0
428,Miami,Suburb,735,Apartment,187537,6,5,0,0,0,0,0,0,0,0,1,1,0,0,1,0,1,1,0,1,0,0,0,1,1,0,1,1,0,0,0
429,Los Angeles,Beachfront,517,Apartment,98247,1,7,0,0,0,0,0,1,1,1,1,0,1,1,0,1,0,1,0,0,1,0,0,1,0,1,0,0,1,1,0
430,Chicago,Hillside,672,Apartment,87350,7,5,0,1,0,1,1,0,0,0,0,1,1,0,1,1,0,1,0,1,1,0,0,0,0,0,1,0,1,0,0
431,New York,Downtown,758,Villa,64181,6,6,1,0,0,0,0,1,0,0,0,1,0,0,0,0,1,1,1,0,1,0,1,1,0,1,0,1,1,0,0
432,San Francisco,Beachfront,480,Apartment,117962,3,5,0,1,1,0,1,0,1,1,1,1,0,0,1,1,1,0,1,0,1,0,1,1,0,0,0,1,0,0,1
433,Miami,Suburb,425,Apartment,58162,3,5,0,0,1,0,1,0,0,0,1,1,0,0,0,1,1,1,0,0,0,1,0,0,0,1,1,1,1,1,0
434,Chicago,Lakeview,1195,Apartment,165969,4,2,1,0,1,0,1,0,1,1,0,1,1,1,1,1,0,0,1,1,0,1,0,1,1,0,0,1,0,0,0
435,Miami,Beachfront,1027,Apartment,116534,5,6,1,0,0,1,1,1,0,0,1,1,0,0,1,1,1,0,1,1,0,0,1,0,0,1,0,1,0,0,1
436,Los Angeles,Hillside,491,Villa,161923,1,4,1,0,1,0,0,1,0,1,0,0,0,1,1,0,1,1,1,0,1,0,1,1,0,0,0,0,1,1,1
437,San Francisco,Suburb,962,Apartment,151675,3,4,0,0,0,1,0,0,0,0,0,0,0,0,0,0,1,0,1,0,1,0,1,0,1,1,1,1,1,1,0
438,New York,Downtown,786,Apartment,114023,1,3,0,1,1,0,1,0,0,0,0,1,0,1,0,1,0,1,1,1,1,1,1,0,1,1,1,0,1,1,1
439,Los Angeles,Lakeview,811,Villa,62479,3,1,0,1,1,1,1,0,0,1,0,1,1,0,1,1,1,1,1,1,1,0,0,0,0,1,1,1,1,1,0
440,Los Angeles,Hillside,1151,Apartment,142615,5,3,0,1,1,0,1,0,0,0,1,0,0,0,0,0,0,0,0,1,0,1,0,1,1,0,1,0,1,1,0
441,Los Angeles,Hillside,401,Villa,172029,3,5,0,1,0,1,1,0,0,1,0,0,1,1,1,1,1,0,0,0,0,0,1,0,0,1,1,1,1,1,1
442,Miami,Suburb,1040,Villa,198341,2,4,0,0,1,0,1,1,0,0,1,1,1,1,0,0,1,1,0,1,0,1,1,1,1,1,1,0,1,1,1
443,New York,Suburb,609,Apartment,154753,1,5,1,1,0,0,0,1,1,0,1,0,0,1,0,1,0,1,1,1,1,1,0,1,0,0,1,1,0,1,1
444,San Francisco,Hillside,975,Villa,129265,7,6,0,0,1,0,0,0,1,0,1,0,0,1,1,1,0,1,1,0,0,1,0,0,0,1,0,0,1,1,1
445,San Francisco,Suburb,1082,Villa,187202,2,1,0,1,0,0,0,1,1,1,0,1,1,0,0,0,1,1,1,0,0,1,1,0,0,0,0,0,0,1,0
446,Miami,Hillside,731,Apartment,148419,4,7,0,1,0,0,0,0,1,0,0,0,1,0,1,1,0,1,0,0,0,1,1,0,1,0,0,0,0,0,1
447,Miami,Lakeview,910,Apartment,89116,6,7,1,1,0,0,0,0,1,1,1,0,1,1,1,0,0,0,0,0,0,1,0,0,0,1,1,1,1,0,1
448,Los Angeles,Suburb,611,Villa,182017,2,1,0,1,1,1,0,0,1,1,0,0,1,1,0,1,1,1,0,1,1,0,1,0,0,1,1,1,1,1,0
449,Miami,Lakeview,639,Villa,54098,7,3,0,0,1,1,1,1,0,0,0,0,0,1,1,0,1,0,1,0,0,1,1,1,1,0,1,1,0,1,0
450,San Francisco,Lakeview,782,Villa,151975,5,3,0,1,0,1,0,0,0,0,1,0,1,1,1,1,0,0,0,0,1,1,0,1,0,0,1,0,0,0,0
451,Los Angeles,Hillside,820,Apartment,199393,4,3,0,1,1,1,0,1,1,1,0,0,1,0,0,1,0,0,1,1,1,0,0,1,0,1,0,0,0,0,1
452,New York,Suburb,881,Villa,180665,7,5,0,1,1,0,0,1,0,1,1,0,0,0,1,0,0,1,0,1,1,1,0,0,0,0,1,1,1,1,1
453,San Francisco,Downtown,1078,Villa,88269,1,6,0,1,1,1,0,0,0,1,0,0,0,1,1,0,0,0,1,0,1,0,1,1,0,1,1,1,1,1,0
454,Los Angeles,Lakeview,328,Apartment,189623,6,5,0,1,0,0,0,0,0,0,1,1,1,1,0,0,0,0,0,0,0,0,1,1,0,1,0,1,1,0,1
455,Miami,Downtown,538,Apartment,82637,1,2,0,1,0,0,0,1,0,0,1,1,1,0,0,0,0,0,0,1,0,0,1,0,0,1,0,1,1,0,0
456,Los Angeles,Hillside,333,Villa,57171,1,2,1,0,1,1,1,1,1,1,0,0,1,1,0,0,1,0,0,0,1,1,0,0,1,1,0,1,0,0,1
457,New York,Hillside,979,Villa,120647,1,6,0,0,1,1,0,1,1,1,1,0,1,1,1,0,0,0,0,1,0,0,0,1,1,0,0,0,1,1,1
458,San Francisco,Hillside,960,Apartment,171948,1,6,1,0,0,1,1,1,0,0,1,0,0,0,1,0,0,0,1,0,1,0,0,0,1,1,0,1,1,0,0
459,Los Angeles,Downtown,855,Apartment,133434,1,1,0,1,0,1,0,1,1,0,1,1,0,0,1,0,1,1,0,0,0,1,1,0,0,1,1,0,0,1,0
460,San Francisco,Downtown,891,Apartment,174228,4,1,0,1,1,1,1,1,1,0,1,0,1,1,0,0,0,0,0,1,1,0,1,1,0,1,0,1,0,0,1
461,New York,Downtown,609,Apartment,149654,2,6,0,1,0,1,1,1,0,0,1,0,0,1,1,1,0,1,0,0,1,0,0,1,0,1,0,1,1,1,0
462,San Francisco,Lakeview,500,Apartment,100307,7,5,0,1,0,0,0,1,0,0,1,1,1,0,0,1,0,1,1,0,1,0,0,0,0,0,1,1,1,0,1
463,Los Angeles,Downtown,473,Apartment,83267,4,2,1,0,0,0,0,1,0,1,0,0,0,1,1,0,0,0,0,0,0,0,1,1,1,1,0,1,1,0,1
464,Miami,Beachfront,359,Villa,66075,4,1,0,0,0,0,0,0,1,1,0,0,0,1,0,0,1,1,1,1,1,1,1,1,0,0,0,0,0,0,1
465,New York,Beachfront,686,Apartment,129043,3,3,1,0,0,1,0,0,0,0,1,1,1,1,0,1,1,1,0,0,1,1,0,1,1,1,0,1,0,1,1
466,Los Angeles,Downtown,1027,Villa,98896,6,3,1,1,1,1,1,1,0,1,1,0,1,0,0,1,0,1,1,1,0,0,0,1,1,1,0,0,1,1,0
467,Miami,Hillside,606,Villa,165698,5,5,0,1,1,0,1,1,1,0,0,0,0,0,1,1,1,1,0,0,0,1,1,1,1,0,0,0,0,1,0
468,San Francisco,Downtown,871,Apartment,174262,7,5,0,0,1,0,1,1,1,0,0,0,0,0,0,1,1,1,0,0,1,0,1,1,1,1,0,1,0,0,1
469,Miami,Beachfront,952,Apartment,136395,3,3,1,0,0,0,0,0,0,0,1,0,1,0,1,0,1,0,1,0,0,0,1,0,1,1,0,0,0,1,1
470,San Francisco,Hillside,465,Apartment,164426,2,2,0,0,0,1,1,1,1,0,1,0,0,1,0,1,1,0,1,1,0,0,1,0,0,0,0,0,1,0,0
471,Chicago,Suburb,997,Villa,171103,2,6,1,1,0,1,1,0,1,0,1,1,0,1,0,1,1,1,0,1,0,1,1,0,0,1,1,1,0,0,1
472,New York,Beachfront,747,Villa,100956,7,2,1,0,1,1,1,0,0,0,1,1,1,0,0,1,0,0,0,1,1,0,0,0,0,0,1,1,1,1,1
473,Los Angeles,Suburb,959,Villa,104648,4,2,0,1,1,1,1,1,0,0,0,1,1,1,0,1,0,1,0,0,0,1,1,1,0,1,1,1,0,1,0
474,Los Angeles,Beachfront,972,Apartment,90315,4,7,1,0,1,1,0,1,0,1,1,0,1,1,1,1,0,0,0,0,1,0,1,0,1,0,0,0,0,1,0
475,New York,Downtown,528,Villa,137934,6,6,0,0,0,1,0,1,1,1,1,0,0,1,0,1,0,1,1,0,0,1,0,1,1,0,0,0,1,0,0
476,Los Angeles,Downtown,1089,Villa,191248,3,2,1,1,0,0,1,1,1,1,1,1,0,1,0,1,1,1,1,1,1,1,1,1,0,0,1,0,1,1,1
477,Miami,Beachfront,407,Apartment,65202,3,6,0,1,1,1,1,0,0,1,1,0,0,1,0,1,1,1,1,1,0,0,1,1,0,0,1,0,0,1,1
478,Chicago,Suburb,1142,Apartment,152439,1,1,1,0,1,0,1,0,0,1,1,1,0,1,0,1,1,1,1,1,1,0,0,0,1,1,0,0,1,0,0
479,Los Angeles,Hillside,942,Apartment,72005,5,6,0,1,0,1,1,1,0,1,1,1,1,0,0,0,0,1,1,1,0,1,0,1,0,1,1,1,0,0,1
480,Los Angeles,Suburb,889,Apartment,100978,2,6,0,1,1,0,0,1,1,1,1,1,1,1,0,0,1,0,1,0,0,0,1,1,0,0,1,1,1,0,0
481,Los Angeles,Beachfront,429,Apartment,62196,4,5,1,1,1,1,0,0,0,0,1,1,1,0,1,1,1,1,1,1,1,1,0,0,1,0,0,1,1,0,0
482,Chicago,Hillside,494,Villa,118368,5,7,0,1,1,1,1,1,1,1,0,1,0,0,1,1,1,0,0,0,0,1,1,0,1,1,1,0,1,1,1
483,Chicago,Suburb,556,Villa,77579,7,4,1,1,0,1,1,0,0,1,0,1,0,1,1,1,0,0,1,1,0,0,0,1,1,0,1,0,0,1,1
484,New York,Beachfront,432,Villa,144301,4,5,1,0,1,1,1,0,1,0,1,1,1,1,1,1,1,1,0,1,1,0,1,0,0,1,1,1,0,0,0
485,Miami,Suburb,333,Villa,135878,3,3,1,1,1,0,0,1,0,1,0,1,0,0,0,1,0,0,1,0,0,1,1,1,0,1,1,0,1,0,0
486,San Francisco,Suburb,799,Apartment,119036,3,6,1,0,1,0,0,0,0,0,1,0,1,1,1,0,0,1,1,1,1,1,0,1,1,1,1,1,0,1,1
487,New York,Hillside,653,Apartment,124697,3,3,0,1,0,1,1,1,0,1,1,1,0,1,0,0,1,0,0,0,1,1,1,1,0,0,0,0,0,1,1
488,Chicago,Hillside,449,Villa,171231,6,7,1,0,1,0,1,1,1,1,1,1,1,1,1,0,0,1,1,1,1,1,0,0,0,0,1,0,0,0,0
489,Chicago,Suburb,1094,Apartment,53441,2,5,0,1,0,0,0,0,0,1,0,0,1,1,0,0,0,1,0,0,1,0,0,1,1,1,1,1,0,1,1
490,San Francisco,Hillside,751,Villa,181213,6,6,0,1,0,0,1,1,1,0,1,0,0,0,0,1,0,0,1,0,0,1,1,1,0,0,1,1,1,0,0
491,New York,Suburb,1100,Apartment,50022,2,2,1,0,0,0,1,0,1,0,0,1,1,1,1,1,0,1,0,1,0,1,1,0,1,1,1,1,0,0,1
492,Chicago,Beachfront,982,Villa,195316,7,1,1,1,1,1,0,0,0,0,0,0,0,1,0,0,0,1,0,1,1,1,1,0,0,1,1,1,1,1,0
493,Miami,Lakeview,603,Villa,75631,7,7,0,0,1,1,0,0,0,1,1,0,1,0,0,0,1,1,0,1,1,1,1,1,0,0,0,1,1,1,0
494,Chicago,Suburb,1086,Apartment,72911,3,2,1,1,0,1,0,1,0,0,0,1,1,0,1,0,0,0,1,1,0,1,1,1,1,1,0,0,1,0,1
495,Miami,Suburb,1156,Apartment,115515,2,2,1,1,0,0,1,1,1,0,1,0,1,0,1,0,0,1,1,1,1,0,1,1,1,1,0,1,0,1,1
496,Los Angeles,Hillside,1117,Villa,122552,7,4,1,1,1,1,1,0,0,1,1,1,0,1,1,1,1,1,0,1,1,1,0,0,0,0,0,1,0,0,1
497,New York,Lakeview,1099,Villa,97733,5,6,1,1,1,0,1,1,0,0,0,1,1,1,0,0,1,1,1,0,1,0,0,0,1,1,1,0,1,0,0
498,New York,Lakeview,976,Apartment,113529,3,4,1,0,0,0,1,1,0,0,0,1,1,1,0,1,0,0,0,1,1,1,1,1,1,1,1,1,0,1,0
499,Los Angeles,Downtown,408,Villa,120737,4,1,1,0,1,1,1,1,0,1,0,1,1,0,0,1,1,0,0,1,1,0,0,1,1,1,1,0,0,1,0
500,New York,Lakeview,626,Villa,50017,5,7,0,1,0,1,1,1,0,0,0,1,0,0,1,1,0,0,1,1,0,1,0,1,0,1,0,0,0,1,1
501,Los Angeles,Beachfront,824,Villa,106956,5,4,1,0,0,1,1,0,1,0,0,0,0,1,0,1,1,1,1,1,1,1,1,0,1,0,1,1,1,0,1
502,New York,Suburb,1136,Villa,135506,3,4,1,0,1,1,1,1,0,0,1,1,1,0,0,1,1,1,1,1,0,1,1,1,1,1,1,1,0,1,1
503,San Francisco,Lakeview,307,Villa,139970,5,2,0,0,0,0,1,0,1,1,0,0,0,1,0,1,1,0,1,1,1,1,0,0,1,1,1,0,1,1,1
504,Los Angeles,Suburb,341,Apartment,178856,4,3,0,0,0,1,1,0,1,0,0,0,0,0,1,1,0,1,0,0,1,1,0,0,1,1,0,1,1,1,0
505,Los Angeles,Lakeview,673,Apartment,136275,6,5,1,0,1,0,0,0,0,1,0,1,1,1,1,0,1,1,0,0,0,1,1,0,1,0,1,1,0,0,0
